--
-- PostgreSQL database dump
--

-- Dumped from database version 15.2
-- Dumped by pg_dump version 15.2

-- Started on 2023-03-29 13:46:34

SET statement_timeout = 0;
SET lock_timeout = 0;
SET idle_in_transaction_session_timeout = 0;
SET client_encoding = 'UTF8';
SET standard_conforming_strings = on;
SELECT pg_catalog.set_config('search_path', '', false);
SET check_function_bodies = false;
SET xmloption = content;
SET client_min_messages = warning;
SET row_security = off;

--
-- TOC entry 6 (class 2615 OID 16991)
-- Name: operation; Type: SCHEMA; Schema: -; Owner: postgres
--

CREATE SCHEMA operation;


ALTER SCHEMA operation OWNER TO postgres;

--
-- TOC entry 2 (class 3079 OID 16384)
-- Name: adminpack; Type: EXTENSION; Schema: -; Owner: -
--

CREATE EXTENSION IF NOT EXISTS adminpack WITH SCHEMA pg_catalog;


--
-- TOC entry 3358 (class 0 OID 0)
-- Dependencies: 2
-- Name: EXTENSION adminpack; Type: COMMENT; Schema: -; Owner: 
--

COMMENT ON EXTENSION adminpack IS 'administrative functions for PostgreSQL';


SET default_tablespace = '';

SET default_table_access_method = heap;

--
-- TOC entry 215 (class 1259 OID 16993)
-- Name: equipment; Type: TABLE; Schema: operation; Owner: postgres
--

CREATE TABLE operation.equipment (
    id uuid NOT NULL,
    equipment_model_id uuid NOT NULL,
    name text NOT NULL
);


ALTER TABLE operation.equipment OWNER TO postgres;

--
-- TOC entry 216 (class 1259 OID 16998)
-- Name: equipment_model; Type: TABLE; Schema: operation; Owner: postgres
--

CREATE TABLE operation.equipment_model (
    id uuid NOT NULL,
    name text NOT NULL
);


ALTER TABLE operation.equipment_model OWNER TO postgres;

--
-- TOC entry 217 (class 1259 OID 17003)
-- Name: equipment_model_state_hourly_earnings; Type: TABLE; Schema: operation; Owner: postgres
--

CREATE TABLE operation.equipment_model_state_hourly_earnings (
    equipment_model_id uuid NOT NULL,
    equipment_state_id uuid NOT NULL,
    value real NOT NULL
);


ALTER TABLE operation.equipment_model_state_hourly_earnings OWNER TO postgres;

--
-- TOC entry 218 (class 1259 OID 17006)
-- Name: equipment_position_history; Type: TABLE; Schema: operation; Owner: postgres
--

CREATE TABLE operation.equipment_position_history (
    equipment_id uuid NOT NULL,
    date timestamp without time zone NOT NULL,
    lat real NOT NULL,
    lon real NOT NULL
);


ALTER TABLE operation.equipment_position_history OWNER TO postgres;

--
-- TOC entry 219 (class 1259 OID 17009)
-- Name: equipment_state; Type: TABLE; Schema: operation; Owner: postgres
--

CREATE TABLE operation.equipment_state (
    id uuid NOT NULL,
    name text NOT NULL,
    color text NOT NULL
);


ALTER TABLE operation.equipment_state OWNER TO postgres;

--
-- TOC entry 220 (class 1259 OID 17014)
-- Name: equipment_state_history; Type: TABLE; Schema: operation; Owner: postgres
--

CREATE TABLE operation.equipment_state_history (
    equipment_id uuid NOT NULL,
    date timestamp without time zone NOT NULL,
    equipment_state_id uuid NOT NULL
);


ALTER TABLE operation.equipment_state_history OWNER TO postgres;

--
-- TOC entry 3347 (class 0 OID 16993)
-- Dependencies: 215
-- Data for Name: equipment; Type: TABLE DATA; Schema: operation; Owner: postgres
--

COPY operation.equipment (id, equipment_model_id, name) FROM stdin;
a7c53eb1-4f5e-4eba-9764-ad205d0891f9	a3540227-2f0e-4362-9517-92f41dabbfdf	CA-0001
1c7e9615-cc1c-4d72-8496-190fe5791c8b	a3540227-2f0e-4362-9517-92f41dabbfdf	CA-0002
2b5796cb-21c1-480e-8886-4498ea593a65	a3540227-2f0e-4362-9517-92f41dabbfdf	CA-0003
1d222cdc-01dd-4caa-8934-5351d3995cfb	a3540227-2f0e-4362-9517-92f41dabbfdf	CA-0004
491b983b-950c-4a88-942d-487e99b92540	a4b0c114-acd8-4151-9449-7d12ab9bf40f	HV-1001
39317fcb-79e7-4e7e-83dc-723a9b63633c	a4b0c114-acd8-4151-9449-7d12ab9bf40f	HV-1002
c79ef1de-92f3-4edd-bd55-553056640449	9c3d009e-0d42-4a6e-9036-193e9bca3199	GT-2001
b7aaba00-13f7-44a0-8bf1-bc163afcf9d8	9c3d009e-0d42-4a6e-9036-193e9bca3199	GT-2002
fe2a2e11-bfa6-46b6-990b-fd8175946b7e	9c3d009e-0d42-4a6e-9036-193e9bca3199	GT-2003
\.


--
-- TOC entry 3348 (class 0 OID 16998)
-- Dependencies: 216
-- Data for Name: equipment_model; Type: TABLE DATA; Schema: operation; Owner: postgres
--

COPY operation.equipment_model (id, name) FROM stdin;
a3540227-2f0e-4362-9517-92f41dabbfdf	Caminhão de carga
a4b0c114-acd8-4151-9449-7d12ab9bf40f	Harverster
9c3d009e-0d42-4a6e-9036-193e9bca3199	Garra traçadora
\.


--
-- TOC entry 3349 (class 0 OID 17003)
-- Dependencies: 217
-- Data for Name: equipment_model_state_hourly_earnings; Type: TABLE DATA; Schema: operation; Owner: postgres
--

COPY operation.equipment_model_state_hourly_earnings (equipment_model_id, equipment_state_id, value) FROM stdin;
a3540227-2f0e-4362-9517-92f41dabbfdf	0808344c-454b-4c36-89e8-d7687e692d57	100
a3540227-2f0e-4362-9517-92f41dabbfdf	baff9783-84e8-4e01-874b-6fd743b875ad	-5
a3540227-2f0e-4362-9517-92f41dabbfdf	03b2d446-e3ba-4c82-8dc2-a5611fea6e1f	-20
a4b0c114-acd8-4151-9449-7d12ab9bf40f	0808344c-454b-4c36-89e8-d7687e692d57	200
a4b0c114-acd8-4151-9449-7d12ab9bf40f	baff9783-84e8-4e01-874b-6fd743b875ad	-10
a4b0c114-acd8-4151-9449-7d12ab9bf40f	03b2d446-e3ba-4c82-8dc2-a5611fea6e1f	-50
9c3d009e-0d42-4a6e-9036-193e9bca3199	0808344c-454b-4c36-89e8-d7687e692d57	70
9c3d009e-0d42-4a6e-9036-193e9bca3199	baff9783-84e8-4e01-874b-6fd743b875ad	0
9c3d009e-0d42-4a6e-9036-193e9bca3199	03b2d446-e3ba-4c82-8dc2-a5611fea6e1f	-10
\.


--
-- TOC entry 3350 (class 0 OID 17006)
-- Dependencies: 218
-- Data for Name: equipment_position_history; Type: TABLE DATA; Schema: operation; Owner: postgres
--

COPY operation.equipment_position_history (equipment_id, date, lat, lon) FROM stdin;
a7c53eb1-4f5e-4eba-9764-ad205d0891f9	2021-02-01 03:00:00	-19.126535	-45.947758
a7c53eb1-4f5e-4eba-9764-ad205d0891f9	2021-02-01 15:00:00	-19.264235	-46.092438
a7c53eb1-4f5e-4eba-9764-ad205d0891f9	2021-02-01 16:00:00	-19.171667	-46.04459
a7c53eb1-4f5e-4eba-9764-ad205d0891f9	2021-02-01 21:00:00	-19.150549	-45.999157
a7c53eb1-4f5e-4eba-9764-ad205d0891f9	2021-02-01 22:00:00	-19.278563	-45.958984
a7c53eb1-4f5e-4eba-9764-ad205d0891f9	2021-02-02 09:00:00	-19.258919	-45.95551
a7c53eb1-4f5e-4eba-9764-ad205d0891f9	2021-02-02 20:00:00	-19.126602	-46.095734
a7c53eb1-4f5e-4eba-9764-ad205d0891f9	2021-02-03 01:00:00	-19.093422	-46.11474
a7c53eb1-4f5e-4eba-9764-ad205d0891f9	2021-02-03 06:00:00	-19.15588	-46.068405
a7c53eb1-4f5e-4eba-9764-ad205d0891f9	2021-02-03 20:00:00	-19.252605	-45.962177
a7c53eb1-4f5e-4eba-9764-ad205d0891f9	2021-02-04 12:00:00	-19.230953	-46.02892
a7c53eb1-4f5e-4eba-9764-ad205d0891f9	2021-02-05 01:00:00	-19.29064	-46.082977
a7c53eb1-4f5e-4eba-9764-ad205d0891f9	2021-02-05 08:00:00	-19.14346	-45.97364
a7c53eb1-4f5e-4eba-9764-ad205d0891f9	2021-02-05 18:00:00	-19.290668	-46.07168
a7c53eb1-4f5e-4eba-9764-ad205d0891f9	2021-02-06 07:00:00	-19.165743	-45.98077
a7c53eb1-4f5e-4eba-9764-ad205d0891f9	2021-02-06 08:00:00	-19.272808	-46.017117
a7c53eb1-4f5e-4eba-9764-ad205d0891f9	2021-02-06 21:00:00	-19.208525	-46.031296
a7c53eb1-4f5e-4eba-9764-ad205d0891f9	2021-02-07 09:00:00	-19.25006	-45.994244
a7c53eb1-4f5e-4eba-9764-ad205d0891f9	2021-02-07 14:00:00	-19.098925	-46.090378
a7c53eb1-4f5e-4eba-9764-ad205d0891f9	2021-02-07 17:00:00	-19.233713	-46.090855
a7c53eb1-4f5e-4eba-9764-ad205d0891f9	2021-02-08 00:00:00	-19.27474	-45.999985
a7c53eb1-4f5e-4eba-9764-ad205d0891f9	2021-02-08 07:00:00	-19.160065	-46.06988
a7c53eb1-4f5e-4eba-9764-ad205d0891f9	2021-02-08 08:00:00	-19.229918	-45.97697
a7c53eb1-4f5e-4eba-9764-ad205d0891f9	2021-02-08 17:00:00	-19.096859	-45.99902
a7c53eb1-4f5e-4eba-9764-ad205d0891f9	2021-02-08 21:00:00	-19.188017	-45.944843
a7c53eb1-4f5e-4eba-9764-ad205d0891f9	2021-02-08 22:00:00	-19.265205	-45.918938
a7c53eb1-4f5e-4eba-9764-ad205d0891f9	2021-02-09 03:00:00	-19.267523	-45.975452
a7c53eb1-4f5e-4eba-9764-ad205d0891f9	2021-02-09 17:00:00	-19.285707	-45.923473
a7c53eb1-4f5e-4eba-9764-ad205d0891f9	2021-02-09 22:00:00	-19.23555	-45.96558
a7c53eb1-4f5e-4eba-9764-ad205d0891f9	2021-02-10 06:00:00	-19.182545	-45.94354
a7c53eb1-4f5e-4eba-9764-ad205d0891f9	2021-02-10 13:00:00	-19.289268	-46.05608
a7c53eb1-4f5e-4eba-9764-ad205d0891f9	2021-02-10 23:00:00	-19.199432	-46.03019
a7c53eb1-4f5e-4eba-9764-ad205d0891f9	2021-02-11 11:00:00	-19.274988	-46.080086
a7c53eb1-4f5e-4eba-9764-ad205d0891f9	2021-02-12 02:00:00	-19.178604	-45.930485
a7c53eb1-4f5e-4eba-9764-ad205d0891f9	2021-02-12 03:00:00	-19.265194	-46.057735
a7c53eb1-4f5e-4eba-9764-ad205d0891f9	2021-02-12 09:00:00	-19.186096	-45.951344
a7c53eb1-4f5e-4eba-9764-ad205d0891f9	2021-02-13 00:00:00	-19.179482	-46.06698
a7c53eb1-4f5e-4eba-9764-ad205d0891f9	2021-02-13 05:00:00	-19.105803	-46.096794
a7c53eb1-4f5e-4eba-9764-ad205d0891f9	2021-02-13 14:00:00	-19.131298	-46.01703
a7c53eb1-4f5e-4eba-9764-ad205d0891f9	2021-02-13 19:00:00	-19.193153	-45.954033
a7c53eb1-4f5e-4eba-9764-ad205d0891f9	2021-02-13 21:00:00	-19.247715	-46.025524
a7c53eb1-4f5e-4eba-9764-ad205d0891f9	2021-02-14 03:00:00	-19.238035	-46.077606
a7c53eb1-4f5e-4eba-9764-ad205d0891f9	2021-02-14 16:00:00	-19.189985	-45.99631
a7c53eb1-4f5e-4eba-9764-ad205d0891f9	2021-02-15 03:00:00	-19.114496	-46.112694
a7c53eb1-4f5e-4eba-9764-ad205d0891f9	2021-02-15 15:00:00	-19.206057	-46.035984
a7c53eb1-4f5e-4eba-9764-ad205d0891f9	2021-02-16 02:00:00	-19.12356	-46.092896
a7c53eb1-4f5e-4eba-9764-ad205d0891f9	2021-02-16 05:00:00	-19.258986	-46.084774
a7c53eb1-4f5e-4eba-9764-ad205d0891f9	2021-02-16 20:00:00	-19.14655	-46.10195
a7c53eb1-4f5e-4eba-9764-ad205d0891f9	2021-02-17 01:00:00	-19.141663	-46.066044
a7c53eb1-4f5e-4eba-9764-ad205d0891f9	2021-02-17 13:00:00	-19.119295	-45.966125
a7c53eb1-4f5e-4eba-9764-ad205d0891f9	2021-02-17 19:00:00	-19.125319	-46.06443
a7c53eb1-4f5e-4eba-9764-ad205d0891f9	2021-02-17 20:00:00	-19.13603	-45.92637
a7c53eb1-4f5e-4eba-9764-ad205d0891f9	2021-02-18 08:00:00	-19.291353	-45.983078
a7c53eb1-4f5e-4eba-9764-ad205d0891f9	2021-02-18 21:00:00	-19.204432	-46.076534
a7c53eb1-4f5e-4eba-9764-ad205d0891f9	2021-02-19 05:00:00	-19.16078	-46.01199
a7c53eb1-4f5e-4eba-9764-ad205d0891f9	2021-02-19 08:00:00	-19.282343	-45.9834
a7c53eb1-4f5e-4eba-9764-ad205d0891f9	2021-02-19 11:00:00	-19.104774	-46.065327
a7c53eb1-4f5e-4eba-9764-ad205d0891f9	2021-02-19 18:00:00	-19.140629	-46.004845
a7c53eb1-4f5e-4eba-9764-ad205d0891f9	2021-02-20 02:00:00	-19.220121	-46.076454
a7c53eb1-4f5e-4eba-9764-ad205d0891f9	2021-02-20 07:00:00	-19.249481	-46.066986
a7c53eb1-4f5e-4eba-9764-ad205d0891f9	2021-02-20 10:00:00	-19.214075	-46.02705
a7c53eb1-4f5e-4eba-9764-ad205d0891f9	2021-02-20 13:00:00	-19.15473	-46.059696
a7c53eb1-4f5e-4eba-9764-ad205d0891f9	2021-02-20 22:00:00	-19.128191	-46.015495
a7c53eb1-4f5e-4eba-9764-ad205d0891f9	2021-02-21 07:00:00	-19.099562	-46.110905
a7c53eb1-4f5e-4eba-9764-ad205d0891f9	2021-02-21 23:00:00	-19.257545	-45.933044
a7c53eb1-4f5e-4eba-9764-ad205d0891f9	2021-02-22 02:00:00	-19.231295	-46.004467
a7c53eb1-4f5e-4eba-9764-ad205d0891f9	2021-02-22 15:00:00	-19.108404	-45.970116
a7c53eb1-4f5e-4eba-9764-ad205d0891f9	2021-02-22 23:00:00	-19.236727	-46.04974
a7c53eb1-4f5e-4eba-9764-ad205d0891f9	2021-02-23 07:00:00	-19.221022	-46.031498
a7c53eb1-4f5e-4eba-9764-ad205d0891f9	2021-02-23 09:00:00	-19.175064	-46.02719
a7c53eb1-4f5e-4eba-9764-ad205d0891f9	2021-02-23 13:00:00	-19.196753	-46.061684
a7c53eb1-4f5e-4eba-9764-ad205d0891f9	2021-02-24 01:00:00	-19.248943	-46.04581
a7c53eb1-4f5e-4eba-9764-ad205d0891f9	2021-02-24 10:00:00	-19.122686	-46.04851
a7c53eb1-4f5e-4eba-9764-ad205d0891f9	2021-02-24 14:00:00	-19.282352	-45.978893
a7c53eb1-4f5e-4eba-9764-ad205d0891f9	2021-02-24 19:00:00	-19.214403	-46.00608
a7c53eb1-4f5e-4eba-9764-ad205d0891f9	2021-02-25 07:00:00	-19.250566	-46.02265
a7c53eb1-4f5e-4eba-9764-ad205d0891f9	2021-02-25 10:00:00	-19.120869	-46.103096
a7c53eb1-4f5e-4eba-9764-ad205d0891f9	2021-02-25 12:00:00	-19.290201	-46.04552
a7c53eb1-4f5e-4eba-9764-ad205d0891f9	2021-02-26 02:00:00	-19.199554	-46.05181
a7c53eb1-4f5e-4eba-9764-ad205d0891f9	2021-02-26 18:00:00	-19.130829	-46.038876
a7c53eb1-4f5e-4eba-9764-ad205d0891f9	2021-02-27 06:00:00	-19.238884	-46.116493
a7c53eb1-4f5e-4eba-9764-ad205d0891f9	2021-02-27 22:00:00	-19.12007	-46.096718
a7c53eb1-4f5e-4eba-9764-ad205d0891f9	2021-02-28 08:00:00	-19.210241	-45.935257
a7c53eb1-4f5e-4eba-9764-ad205d0891f9	2021-02-28 17:00:00	-19.1518	-46.00776
1c7e9615-cc1c-4d72-8496-190fe5791c8b	2021-02-01 03:00:00	-19.167337	-46.00347
1c7e9615-cc1c-4d72-8496-190fe5791c8b	2021-02-01 04:00:00	-19.061068	-45.97841
1c7e9615-cc1c-4d72-8496-190fe5791c8b	2021-02-01 19:00:00	-19.07747	-45.958733
1c7e9615-cc1c-4d72-8496-190fe5791c8b	2021-02-02 06:00:00	-19.104567	-45.947918
1c7e9615-cc1c-4d72-8496-190fe5791c8b	2021-02-02 19:00:00	-19.05259	-45.95378
1c7e9615-cc1c-4d72-8496-190fe5791c8b	2021-02-03 02:00:00	-19.094984	-45.94251
1c7e9615-cc1c-4d72-8496-190fe5791c8b	2021-02-03 05:00:00	-19.157614	-45.87628
1c7e9615-cc1c-4d72-8496-190fe5791c8b	2021-02-03 07:00:00	-19.031874	-45.992203
1c7e9615-cc1c-4d72-8496-190fe5791c8b	2021-02-03 20:00:00	-19.031229	-45.9928
1c7e9615-cc1c-4d72-8496-190fe5791c8b	2021-02-04 12:00:00	-19.151432	-45.898144
1c7e9615-cc1c-4d72-8496-190fe5791c8b	2021-02-04 21:00:00	-19.039162	-45.822987
1c7e9615-cc1c-4d72-8496-190fe5791c8b	2021-02-05 12:00:00	-19.145306	-45.893963
1c7e9615-cc1c-4d72-8496-190fe5791c8b	2021-02-05 14:00:00	-19.037642	-45.97766
1c7e9615-cc1c-4d72-8496-190fe5791c8b	2021-02-06 04:00:00	-19.158535	-45.855927
1c7e9615-cc1c-4d72-8496-190fe5791c8b	2021-02-06 08:00:00	-19.07879	-45.930317
1c7e9615-cc1c-4d72-8496-190fe5791c8b	2021-02-06 15:00:00	-19.151474	-45.841743
1c7e9615-cc1c-4d72-8496-190fe5791c8b	2021-02-06 20:00:00	-19.194748	-45.994118
1c7e9615-cc1c-4d72-8496-190fe5791c8b	2021-02-07 09:00:00	-19.037752	-45.90379
1c7e9615-cc1c-4d72-8496-190fe5791c8b	2021-02-08 01:00:00	-19.137915	-46.01224
1c7e9615-cc1c-4d72-8496-190fe5791c8b	2021-02-08 03:00:00	-19.15723	-45.879345
1c7e9615-cc1c-4d72-8496-190fe5791c8b	2021-02-08 04:00:00	-19.052326	-45.820515
1c7e9615-cc1c-4d72-8496-190fe5791c8b	2021-02-08 16:00:00	-19.177599	-45.973824
1c7e9615-cc1c-4d72-8496-190fe5791c8b	2021-02-08 23:00:00	-19.119394	-45.976654
1c7e9615-cc1c-4d72-8496-190fe5791c8b	2021-02-09 11:00:00	-19.19642	-45.832912
1c7e9615-cc1c-4d72-8496-190fe5791c8b	2021-02-09 21:00:00	-19.026089	-45.904743
1c7e9615-cc1c-4d72-8496-190fe5791c8b	2021-02-10 04:00:00	-19.136002	-45.915806
1c7e9615-cc1c-4d72-8496-190fe5791c8b	2021-02-10 20:00:00	-19.105795	-46.007915
1c7e9615-cc1c-4d72-8496-190fe5791c8b	2021-02-11 07:00:00	-19.058153	-45.945126
1c7e9615-cc1c-4d72-8496-190fe5791c8b	2021-02-11 17:00:00	-19.131477	-45.953453
1c7e9615-cc1c-4d72-8496-190fe5791c8b	2021-02-12 01:00:00	-19.019093	-45.829346
1c7e9615-cc1c-4d72-8496-190fe5791c8b	2021-02-12 16:00:00	-19.032143	-45.892242
1c7e9615-cc1c-4d72-8496-190fe5791c8b	2021-02-13 08:00:00	-19.136417	-45.989628
1c7e9615-cc1c-4d72-8496-190fe5791c8b	2021-02-13 23:00:00	-19.014221	-45.93539
1c7e9615-cc1c-4d72-8496-190fe5791c8b	2021-02-14 00:00:00	-19.10194	-45.88736
1c7e9615-cc1c-4d72-8496-190fe5791c8b	2021-02-14 13:00:00	-19.183949	-45.909424
1c7e9615-cc1c-4d72-8496-190fe5791c8b	2021-02-14 18:00:00	-19.024984	-45.902905
1c7e9615-cc1c-4d72-8496-190fe5791c8b	2021-02-15 05:00:00	-19.197844	-45.86067
1c7e9615-cc1c-4d72-8496-190fe5791c8b	2021-02-15 21:00:00	-19.08111	-45.99003
1c7e9615-cc1c-4d72-8496-190fe5791c8b	2021-02-16 00:00:00	-19.200285	-45.889652
1c7e9615-cc1c-4d72-8496-190fe5791c8b	2021-02-16 07:00:00	-19.196896	-45.81538
1c7e9615-cc1c-4d72-8496-190fe5791c8b	2021-02-16 22:00:00	-19.166857	-45.99406
1c7e9615-cc1c-4d72-8496-190fe5791c8b	2021-02-17 04:00:00	-19.184076	-45.91104
1c7e9615-cc1c-4d72-8496-190fe5791c8b	2021-02-17 07:00:00	-19.14983	-45.96738
1c7e9615-cc1c-4d72-8496-190fe5791c8b	2021-02-17 10:00:00	-19.16339	-45.877842
1c7e9615-cc1c-4d72-8496-190fe5791c8b	2021-02-17 13:00:00	-19.023859	-45.84756
1c7e9615-cc1c-4d72-8496-190fe5791c8b	2021-02-17 16:00:00	-19.014364	-45.854004
1c7e9615-cc1c-4d72-8496-190fe5791c8b	2021-02-17 18:00:00	-19.073656	-45.8452
1c7e9615-cc1c-4d72-8496-190fe5791c8b	2021-02-18 07:00:00	-19.122383	-45.967815
1c7e9615-cc1c-4d72-8496-190fe5791c8b	2021-02-18 16:00:00	-19.166891	-45.90025
1c7e9615-cc1c-4d72-8496-190fe5791c8b	2021-02-19 08:00:00	-19.15196	-45.999184
1c7e9615-cc1c-4d72-8496-190fe5791c8b	2021-02-19 11:00:00	-19.158398	-45.932365
1c7e9615-cc1c-4d72-8496-190fe5791c8b	2021-02-19 13:00:00	-19.124327	-45.99855
1c7e9615-cc1c-4d72-8496-190fe5791c8b	2021-02-19 14:00:00	-19.013235	-45.949
1c7e9615-cc1c-4d72-8496-190fe5791c8b	2021-02-19 19:00:00	-19.072283	-45.94649
1c7e9615-cc1c-4d72-8496-190fe5791c8b	2021-02-19 21:00:00	-19.050005	-45.965485
1c7e9615-cc1c-4d72-8496-190fe5791c8b	2021-02-20 10:00:00	-19.163952	-45.93595
1c7e9615-cc1c-4d72-8496-190fe5791c8b	2021-02-20 18:00:00	-19.180195	-45.851288
1c7e9615-cc1c-4d72-8496-190fe5791c8b	2021-02-20 21:00:00	-19.110992	-45.87134
1c7e9615-cc1c-4d72-8496-190fe5791c8b	2021-02-21 02:00:00	-19.157257	-45.82549
1c7e9615-cc1c-4d72-8496-190fe5791c8b	2021-02-21 09:00:00	-19.054815	-46.00268
1c7e9615-cc1c-4d72-8496-190fe5791c8b	2021-02-21 19:00:00	-19.09615	-45.965084
1c7e9615-cc1c-4d72-8496-190fe5791c8b	2021-02-21 21:00:00	-19.010628	-45.91986
1c7e9615-cc1c-4d72-8496-190fe5791c8b	2021-02-22 07:00:00	-19.049427	-45.997696
1c7e9615-cc1c-4d72-8496-190fe5791c8b	2021-02-22 19:00:00	-19.095882	-45.82612
1c7e9615-cc1c-4d72-8496-190fe5791c8b	2021-02-23 08:00:00	-19.0375	-45.88578
1c7e9615-cc1c-4d72-8496-190fe5791c8b	2021-02-23 17:00:00	-19.064842	-45.895885
1c7e9615-cc1c-4d72-8496-190fe5791c8b	2021-02-24 00:00:00	-19.020857	-45.937347
1c7e9615-cc1c-4d72-8496-190fe5791c8b	2021-02-24 01:00:00	-19.125193	-45.96236
1c7e9615-cc1c-4d72-8496-190fe5791c8b	2021-02-24 10:00:00	-19.168167	-45.82489
1c7e9615-cc1c-4d72-8496-190fe5791c8b	2021-02-24 19:00:00	-19.177565	-45.84807
1c7e9615-cc1c-4d72-8496-190fe5791c8b	2021-02-24 23:00:00	-19.121565	-45.936417
1c7e9615-cc1c-4d72-8496-190fe5791c8b	2021-02-25 09:00:00	-19.07617	-45.94221
1c7e9615-cc1c-4d72-8496-190fe5791c8b	2021-02-25 18:00:00	-19.045515	-45.948643
1c7e9615-cc1c-4d72-8496-190fe5791c8b	2021-02-26 06:00:00	-19.095932	-45.987076
1c7e9615-cc1c-4d72-8496-190fe5791c8b	2021-02-26 17:00:00	-19.179386	-45.91649
1c7e9615-cc1c-4d72-8496-190fe5791c8b	2021-02-27 02:00:00	-19.063831	-45.97131
1c7e9615-cc1c-4d72-8496-190fe5791c8b	2021-02-27 17:00:00	-19.070461	-45.98744
1c7e9615-cc1c-4d72-8496-190fe5791c8b	2021-02-28 02:00:00	-19.090775	-45.979633
1c7e9615-cc1c-4d72-8496-190fe5791c8b	2021-02-28 16:00:00	-19.19581	-45.825157
2b5796cb-21c1-480e-8886-4498ea593a65	2021-02-01 03:00:00	-19.192595	-46.061073
2b5796cb-21c1-480e-8886-4498ea593a65	2021-02-01 04:00:00	-19.08271	-46.133522
2b5796cb-21c1-480e-8886-4498ea593a65	2021-02-01 13:00:00	-19.223635	-46.136627
2b5796cb-21c1-480e-8886-4498ea593a65	2021-02-02 02:00:00	-19.170004	-46.035786
2b5796cb-21c1-480e-8886-4498ea593a65	2021-02-02 05:00:00	-19.233	-46.007153
2b5796cb-21c1-480e-8886-4498ea593a65	2021-02-02 06:00:00	-19.126516	-45.98707
2b5796cb-21c1-480e-8886-4498ea593a65	2021-02-02 13:00:00	-19.229181	-46.058334
2b5796cb-21c1-480e-8886-4498ea593a65	2021-02-02 14:00:00	-19.09598	-45.9699
2b5796cb-21c1-480e-8886-4498ea593a65	2021-02-02 21:00:00	-19.226007	-45.980442
2b5796cb-21c1-480e-8886-4498ea593a65	2021-02-03 04:00:00	-19.233423	-45.969704
2b5796cb-21c1-480e-8886-4498ea593a65	2021-02-03 06:00:00	-19.120255	-46.0895
2b5796cb-21c1-480e-8886-4498ea593a65	2021-02-03 09:00:00	-19.27325	-46.023315
2b5796cb-21c1-480e-8886-4498ea593a65	2021-02-03 21:00:00	-19.259668	-46.071182
2b5796cb-21c1-480e-8886-4498ea593a65	2021-02-04 07:00:00	-19.104052	-46.12939
2b5796cb-21c1-480e-8886-4498ea593a65	2021-02-04 16:00:00	-19.212654	-46.061405
2b5796cb-21c1-480e-8886-4498ea593a65	2021-02-04 23:00:00	-19.269997	-45.952602
2b5796cb-21c1-480e-8886-4498ea593a65	2021-02-05 04:00:00	-19.175814	-46.057133
2b5796cb-21c1-480e-8886-4498ea593a65	2021-02-05 08:00:00	-19.24076	-46.0665
2b5796cb-21c1-480e-8886-4498ea593a65	2021-02-05 20:00:00	-19.15939	-46.049988
2b5796cb-21c1-480e-8886-4498ea593a65	2021-02-06 01:00:00	-19.272264	-45.946342
2b5796cb-21c1-480e-8886-4498ea593a65	2021-02-06 06:00:00	-19.201834	-46.02994
2b5796cb-21c1-480e-8886-4498ea593a65	2021-02-06 16:00:00	-19.213898	-45.9458
2b5796cb-21c1-480e-8886-4498ea593a65	2021-02-06 18:00:00	-19.26588	-45.950253
2b5796cb-21c1-480e-8886-4498ea593a65	2021-02-06 23:00:00	-19.097118	-46.061855
2b5796cb-21c1-480e-8886-4498ea593a65	2021-02-07 02:00:00	-19.118242	-46.117527
2b5796cb-21c1-480e-8886-4498ea593a65	2021-02-07 18:00:00	-19.117521	-45.96477
2b5796cb-21c1-480e-8886-4498ea593a65	2021-02-08 05:00:00	-19.150251	-46.082504
2b5796cb-21c1-480e-8886-4498ea593a65	2021-02-08 08:00:00	-19.14737	-46.08717
2b5796cb-21c1-480e-8886-4498ea593a65	2021-02-08 19:00:00	-19.125904	-46.130245
2b5796cb-21c1-480e-8886-4498ea593a65	2021-02-08 21:00:00	-19.276787	-46.051655
2b5796cb-21c1-480e-8886-4498ea593a65	2021-02-09 08:00:00	-19.211548	-46.06816
2b5796cb-21c1-480e-8886-4498ea593a65	2021-02-09 11:00:00	-19.243782	-46.00227
2b5796cb-21c1-480e-8886-4498ea593a65	2021-02-10 03:00:00	-19.081408	-46.030792
2b5796cb-21c1-480e-8886-4498ea593a65	2021-02-10 17:00:00	-19.196466	-46.022713
2b5796cb-21c1-480e-8886-4498ea593a65	2021-02-11 07:00:00	-19.09558	-45.95898
2b5796cb-21c1-480e-8886-4498ea593a65	2021-02-11 08:00:00	-19.161442	-46.117462
2b5796cb-21c1-480e-8886-4498ea593a65	2021-02-11 19:00:00	-19.10788	-46.104473
2b5796cb-21c1-480e-8886-4498ea593a65	2021-02-12 01:00:00	-19.129686	-46.100334
2b5796cb-21c1-480e-8886-4498ea593a65	2021-02-12 16:00:00	-19.083654	-46.129707
2b5796cb-21c1-480e-8886-4498ea593a65	2021-02-13 04:00:00	-19.142738	-45.966034
2b5796cb-21c1-480e-8886-4498ea593a65	2021-02-13 16:00:00	-19.22803	-45.98809
2b5796cb-21c1-480e-8886-4498ea593a65	2021-02-13 18:00:00	-19.11901	-46.00987
2b5796cb-21c1-480e-8886-4498ea593a65	2021-02-13 21:00:00	-19.127214	-46.046497
2b5796cb-21c1-480e-8886-4498ea593a65	2021-02-14 03:00:00	-19.078875	-46.0132
2b5796cb-21c1-480e-8886-4498ea593a65	2021-02-14 10:00:00	-19.109192	-46.10703
2b5796cb-21c1-480e-8886-4498ea593a65	2021-02-14 22:00:00	-19.238083	-46.07477
2b5796cb-21c1-480e-8886-4498ea593a65	2021-02-15 06:00:00	-19.190466	-46.08007
2b5796cb-21c1-480e-8886-4498ea593a65	2021-02-15 18:00:00	-19.107946	-46.136112
2b5796cb-21c1-480e-8886-4498ea593a65	2021-02-16 03:00:00	-19.255632	-45.981457
2b5796cb-21c1-480e-8886-4498ea593a65	2021-02-16 14:00:00	-19.138155	-46.13745
2b5796cb-21c1-480e-8886-4498ea593a65	2021-02-16 16:00:00	-19.10916	-45.962063
2b5796cb-21c1-480e-8886-4498ea593a65	2021-02-16 20:00:00	-19.101368	-45.940994
2b5796cb-21c1-480e-8886-4498ea593a65	2021-02-17 05:00:00	-19.199179	-46.064556
2b5796cb-21c1-480e-8886-4498ea593a65	2021-02-17 21:00:00	-19.110748	-45.988228
2b5796cb-21c1-480e-8886-4498ea593a65	2021-02-17 23:00:00	-19.09066	-45.97734
2b5796cb-21c1-480e-8886-4498ea593a65	2021-02-18 10:00:00	-19.138006	-46.013073
2b5796cb-21c1-480e-8886-4498ea593a65	2021-02-18 13:00:00	-19.227652	-46.01311
2b5796cb-21c1-480e-8886-4498ea593a65	2021-02-18 16:00:00	-19.11972	-46.13556
2b5796cb-21c1-480e-8886-4498ea593a65	2021-02-19 07:00:00	-19.193762	-46.057507
2b5796cb-21c1-480e-8886-4498ea593a65	2021-02-19 22:00:00	-19.235579	-45.974545
2b5796cb-21c1-480e-8886-4498ea593a65	2021-02-20 00:00:00	-19.137852	-46.122845
2b5796cb-21c1-480e-8886-4498ea593a65	2021-02-20 03:00:00	-19.18232	-45.94685
2b5796cb-21c1-480e-8886-4498ea593a65	2021-02-20 16:00:00	-19.15438	-46.136066
2b5796cb-21c1-480e-8886-4498ea593a65	2021-02-20 22:00:00	-19.267305	-46.019936
2b5796cb-21c1-480e-8886-4498ea593a65	2021-02-21 08:00:00	-19.215115	-45.945053
2b5796cb-21c1-480e-8886-4498ea593a65	2021-02-21 12:00:00	-19.236238	-46.085125
2b5796cb-21c1-480e-8886-4498ea593a65	2021-02-22 00:00:00	-19.149973	-45.96568
2b5796cb-21c1-480e-8886-4498ea593a65	2021-02-22 08:00:00	-19.097528	-45.956978
2b5796cb-21c1-480e-8886-4498ea593a65	2021-02-22 21:00:00	-19.108244	-46.001385
2b5796cb-21c1-480e-8886-4498ea593a65	2021-02-23 02:00:00	-19.142303	-46.05481
2b5796cb-21c1-480e-8886-4498ea593a65	2021-02-23 07:00:00	-19.195604	-46.02437
2b5796cb-21c1-480e-8886-4498ea593a65	2021-02-23 09:00:00	-19.210098	-46.11349
2b5796cb-21c1-480e-8886-4498ea593a65	2021-02-23 19:00:00	-19.11747	-46.134613
2b5796cb-21c1-480e-8886-4498ea593a65	2021-02-24 09:00:00	-19.261358	-46.082882
2b5796cb-21c1-480e-8886-4498ea593a65	2021-02-24 18:00:00	-19.236626	-45.954105
2b5796cb-21c1-480e-8886-4498ea593a65	2021-02-25 05:00:00	-19.116371	-46.077206
2b5796cb-21c1-480e-8886-4498ea593a65	2021-02-25 08:00:00	-19.151003	-46.07169
2b5796cb-21c1-480e-8886-4498ea593a65	2021-02-25 21:00:00	-19.195553	-46.07189
2b5796cb-21c1-480e-8886-4498ea593a65	2021-02-26 11:00:00	-19.133568	-46.08932
2b5796cb-21c1-480e-8886-4498ea593a65	2021-02-27 02:00:00	-19.140566	-45.978626
2b5796cb-21c1-480e-8886-4498ea593a65	2021-02-27 15:00:00	-19.262999	-46.0994
2b5796cb-21c1-480e-8886-4498ea593a65	2021-02-28 02:00:00	-19.214458	-46.11246
2b5796cb-21c1-480e-8886-4498ea593a65	2021-02-28 07:00:00	-19.169691	-46.044518
2b5796cb-21c1-480e-8886-4498ea593a65	2021-02-28 20:00:00	-19.2368	-46.03291
2b5796cb-21c1-480e-8886-4498ea593a65	2021-02-28 23:00:00	-19.150078	-46.023285
2b5796cb-21c1-480e-8886-4498ea593a65	2021-03-01 00:00:00	-19.134644	-46.087208
1d222cdc-01dd-4caa-8934-5351d3995cfb	2021-02-01 03:00:00	-19.03822	-45.85623
1d222cdc-01dd-4caa-8934-5351d3995cfb	2021-02-01 18:00:00	-19.069426	-45.83276
1d222cdc-01dd-4caa-8934-5351d3995cfb	2021-02-01 23:00:00	-19.142263	-45.999943
1d222cdc-01dd-4caa-8934-5351d3995cfb	2021-02-02 08:00:00	-18.983774	-45.816933
1d222cdc-01dd-4caa-8934-5351d3995cfb	2021-02-03 00:00:00	-19.109919	-45.902706
1d222cdc-01dd-4caa-8934-5351d3995cfb	2021-02-03 01:00:00	-19.146652	-45.938477
1d222cdc-01dd-4caa-8934-5351d3995cfb	2021-02-03 03:00:00	-19.14157	-45.919804
1d222cdc-01dd-4caa-8934-5351d3995cfb	2021-02-03 10:00:00	-18.998554	-45.813488
1d222cdc-01dd-4caa-8934-5351d3995cfb	2021-02-03 11:00:00	-19.160852	-45.982788
1d222cdc-01dd-4caa-8934-5351d3995cfb	2021-02-03 15:00:00	-19.036213	-45.844307
1d222cdc-01dd-4caa-8934-5351d3995cfb	2021-02-03 16:00:00	-18.99451	-45.857162
1d222cdc-01dd-4caa-8934-5351d3995cfb	2021-02-03 22:00:00	-19.147148	-45.85576
1d222cdc-01dd-4caa-8934-5351d3995cfb	2021-02-04 07:00:00	-18.988132	-45.8376
1d222cdc-01dd-4caa-8934-5351d3995cfb	2021-02-04 12:00:00	-18.981575	-45.850395
1d222cdc-01dd-4caa-8934-5351d3995cfb	2021-02-04 23:00:00	-19.149809	-45.92066
1d222cdc-01dd-4caa-8934-5351d3995cfb	2021-02-05 06:00:00	-19.013348	-45.846645
1d222cdc-01dd-4caa-8934-5351d3995cfb	2021-02-05 14:00:00	-19.04029	-45.84131
1d222cdc-01dd-4caa-8934-5351d3995cfb	2021-02-05 19:00:00	-19.173828	-45.877743
1d222cdc-01dd-4caa-8934-5351d3995cfb	2021-02-06 10:00:00	-19.078379	-45.91642
1d222cdc-01dd-4caa-8934-5351d3995cfb	2021-02-07 01:00:00	-19.15858	-45.92816
1d222cdc-01dd-4caa-8934-5351d3995cfb	2021-02-07 15:00:00	-19.041695	-45.8671
1d222cdc-01dd-4caa-8934-5351d3995cfb	2021-02-07 20:00:00	-19.046576	-45.843395
1d222cdc-01dd-4caa-8934-5351d3995cfb	2021-02-07 23:00:00	-19.140245	-45.852127
1d222cdc-01dd-4caa-8934-5351d3995cfb	2021-02-08 00:00:00	-19.161612	-46.005856
1d222cdc-01dd-4caa-8934-5351d3995cfb	2021-02-08 10:00:00	-19.164265	-45.916298
1d222cdc-01dd-4caa-8934-5351d3995cfb	2021-02-08 14:00:00	-19.068962	-45.96951
1d222cdc-01dd-4caa-8934-5351d3995cfb	2021-02-08 22:00:00	-19.062609	-45.949173
1d222cdc-01dd-4caa-8934-5351d3995cfb	2021-02-09 13:00:00	-19.109348	-45.815674
1d222cdc-01dd-4caa-8934-5351d3995cfb	2021-02-09 19:00:00	-19.123552	-45.821896
1d222cdc-01dd-4caa-8934-5351d3995cfb	2021-02-10 03:00:00	-19.163233	-45.894756
1d222cdc-01dd-4caa-8934-5351d3995cfb	2021-02-10 16:00:00	-19.025406	-45.8961
1d222cdc-01dd-4caa-8934-5351d3995cfb	2021-02-11 06:00:00	-19.09071	-45.873783
1d222cdc-01dd-4caa-8934-5351d3995cfb	2021-02-11 19:00:00	-19.13353	-45.924213
1d222cdc-01dd-4caa-8934-5351d3995cfb	2021-02-11 22:00:00	-19.028952	-45.86614
1d222cdc-01dd-4caa-8934-5351d3995cfb	2021-02-12 12:00:00	-19.14629	-45.93502
1d222cdc-01dd-4caa-8934-5351d3995cfb	2021-02-13 04:00:00	-18.999619	-45.960636
1d222cdc-01dd-4caa-8934-5351d3995cfb	2021-02-13 17:00:00	-19.034088	-45.945896
1d222cdc-01dd-4caa-8934-5351d3995cfb	2021-02-13 18:00:00	-19.057602	-45.825848
1d222cdc-01dd-4caa-8934-5351d3995cfb	2021-02-14 09:00:00	-19.040304	-45.923534
1d222cdc-01dd-4caa-8934-5351d3995cfb	2021-02-14 15:00:00	-19.050278	-45.944992
1d222cdc-01dd-4caa-8934-5351d3995cfb	2021-02-15 02:00:00	-19.013956	-45.872143
1d222cdc-01dd-4caa-8934-5351d3995cfb	2021-02-15 07:00:00	-19.149734	-45.818226
1d222cdc-01dd-4caa-8934-5351d3995cfb	2021-02-15 09:00:00	-18.991203	-45.832348
1d222cdc-01dd-4caa-8934-5351d3995cfb	2021-02-15 23:00:00	-19.032154	-45.8582
1d222cdc-01dd-4caa-8934-5351d3995cfb	2021-02-16 12:00:00	-19.062044	-45.994297
1d222cdc-01dd-4caa-8934-5351d3995cfb	2021-02-16 14:00:00	-19.163406	-45.911797
1d222cdc-01dd-4caa-8934-5351d3995cfb	2021-02-17 06:00:00	-19.11156	-45.94094
1d222cdc-01dd-4caa-8934-5351d3995cfb	2021-02-17 09:00:00	-19.041962	-45.863106
1d222cdc-01dd-4caa-8934-5351d3995cfb	2021-02-17 22:00:00	-18.984762	-45.952118
1d222cdc-01dd-4caa-8934-5351d3995cfb	2021-02-18 13:00:00	-19.001295	-45.977825
1d222cdc-01dd-4caa-8934-5351d3995cfb	2021-02-19 02:00:00	-19.085552	-45.95387
1d222cdc-01dd-4caa-8934-5351d3995cfb	2021-02-19 06:00:00	-19.074907	-45.82105
1d222cdc-01dd-4caa-8934-5351d3995cfb	2021-02-19 21:00:00	-19.022442	-46.00858
1d222cdc-01dd-4caa-8934-5351d3995cfb	2021-02-20 01:00:00	-19.032234	-45.89677
1d222cdc-01dd-4caa-8934-5351d3995cfb	2021-02-20 14:00:00	-19.064075	-45.97215
1d222cdc-01dd-4caa-8934-5351d3995cfb	2021-02-20 22:00:00	-19.035868	-45.834236
1d222cdc-01dd-4caa-8934-5351d3995cfb	2021-02-21 03:00:00	-19.075068	-45.83691
1d222cdc-01dd-4caa-8934-5351d3995cfb	2021-02-21 12:00:00	-19.079214	-45.881477
1d222cdc-01dd-4caa-8934-5351d3995cfb	2021-02-21 18:00:00	-19.05322	-45.837555
1d222cdc-01dd-4caa-8934-5351d3995cfb	2021-02-21 21:00:00	-19.155783	-45.828102
1d222cdc-01dd-4caa-8934-5351d3995cfb	2021-02-22 08:00:00	-19.052467	-45.921455
1d222cdc-01dd-4caa-8934-5351d3995cfb	2021-02-22 17:00:00	-19.005453	-45.844448
1d222cdc-01dd-4caa-8934-5351d3995cfb	2021-02-23 09:00:00	-19.150948	-45.982483
1d222cdc-01dd-4caa-8934-5351d3995cfb	2021-02-23 11:00:00	-19.168663	-45.869797
1d222cdc-01dd-4caa-8934-5351d3995cfb	2021-02-23 18:00:00	-19.02223	-45.896614
1d222cdc-01dd-4caa-8934-5351d3995cfb	2021-02-24 01:00:00	-18.993177	-45.990902
1d222cdc-01dd-4caa-8934-5351d3995cfb	2021-02-24 11:00:00	-19.10897	-45.896526
1d222cdc-01dd-4caa-8934-5351d3995cfb	2021-02-24 17:00:00	-19.041447	-45.852425
1d222cdc-01dd-4caa-8934-5351d3995cfb	2021-02-24 20:00:00	-19.047709	-45.942413
1d222cdc-01dd-4caa-8934-5351d3995cfb	2021-02-25 04:00:00	-19.062443	-45.86355
1d222cdc-01dd-4caa-8934-5351d3995cfb	2021-02-25 08:00:00	-19.023243	-45.842148
1d222cdc-01dd-4caa-8934-5351d3995cfb	2021-02-25 22:00:00	-19.059265	-45.868702
1d222cdc-01dd-4caa-8934-5351d3995cfb	2021-02-26 03:00:00	-19.04449	-45.913486
1d222cdc-01dd-4caa-8934-5351d3995cfb	2021-02-26 05:00:00	-19.07532	-45.89462
1d222cdc-01dd-4caa-8934-5351d3995cfb	2021-02-26 11:00:00	-19.026129	-45.825996
1d222cdc-01dd-4caa-8934-5351d3995cfb	2021-02-27 03:00:00	-19.036457	-46.00616
1d222cdc-01dd-4caa-8934-5351d3995cfb	2021-02-27 07:00:00	-19.148516	-45.93872
1d222cdc-01dd-4caa-8934-5351d3995cfb	2021-02-27 09:00:00	-19.08445	-45.94165
1d222cdc-01dd-4caa-8934-5351d3995cfb	2021-02-27 10:00:00	-19.061203	-45.92723
1d222cdc-01dd-4caa-8934-5351d3995cfb	2021-02-27 17:00:00	-19.035095	-45.88968
1d222cdc-01dd-4caa-8934-5351d3995cfb	2021-02-28 02:00:00	-19.091587	-45.92178
1d222cdc-01dd-4caa-8934-5351d3995cfb	2021-02-28 10:00:00	-19.065245	-45.824455
1d222cdc-01dd-4caa-8934-5351d3995cfb	2021-03-01 00:00:00	-18.978731	-45.918205
491b983b-950c-4a88-942d-487e99b92540	2021-02-01 03:00:00	-19.017807	-45.949722
491b983b-950c-4a88-942d-487e99b92540	2021-02-01 05:00:00	-19.072704	-46.066845
491b983b-950c-4a88-942d-487e99b92540	2021-02-01 20:00:00	-19.122652	-45.89373
491b983b-950c-4a88-942d-487e99b92540	2021-02-01 22:00:00	-18.978928	-45.93131
491b983b-950c-4a88-942d-487e99b92540	2021-02-02 01:00:00	-19.09258	-45.94408
491b983b-950c-4a88-942d-487e99b92540	2021-02-02 13:00:00	-19.15399	-45.92752
491b983b-950c-4a88-942d-487e99b92540	2021-02-03 03:00:00	-19.106043	-46.040062
491b983b-950c-4a88-942d-487e99b92540	2021-02-03 09:00:00	-19.105404	-46.0039
491b983b-950c-4a88-942d-487e99b92540	2021-02-04 00:00:00	-18.987158	-46.037014
491b983b-950c-4a88-942d-487e99b92540	2021-02-04 10:00:00	-19.132133	-46.068306
491b983b-950c-4a88-942d-487e99b92540	2021-02-04 23:00:00	-19.009363	-45.90815
491b983b-950c-4a88-942d-487e99b92540	2021-02-05 01:00:00	-18.99363	-45.91271
491b983b-950c-4a88-942d-487e99b92540	2021-02-05 03:00:00	-19.029184	-45.960175
491b983b-950c-4a88-942d-487e99b92540	2021-02-05 19:00:00	-19.019026	-45.919632
491b983b-950c-4a88-942d-487e99b92540	2021-02-06 11:00:00	-19.119862	-46.009506
491b983b-950c-4a88-942d-487e99b92540	2021-02-06 17:00:00	-19.010372	-46.032143
491b983b-950c-4a88-942d-487e99b92540	2021-02-07 02:00:00	-19.112183	-45.930622
491b983b-950c-4a88-942d-487e99b92540	2021-02-07 04:00:00	-18.965271	-45.895634
491b983b-950c-4a88-942d-487e99b92540	2021-02-07 16:00:00	-18.996557	-45.93939
491b983b-950c-4a88-942d-487e99b92540	2021-02-07 19:00:00	-18.997276	-45.89815
491b983b-950c-4a88-942d-487e99b92540	2021-02-08 03:00:00	-19.110554	-45.98246
491b983b-950c-4a88-942d-487e99b92540	2021-02-08 09:00:00	-18.97923	-45.933105
491b983b-950c-4a88-942d-487e99b92540	2021-02-08 14:00:00	-19.147867	-45.926666
491b983b-950c-4a88-942d-487e99b92540	2021-02-09 06:00:00	-19.02471	-45.90841
491b983b-950c-4a88-942d-487e99b92540	2021-02-09 11:00:00	-19.10891	-45.876762
491b983b-950c-4a88-942d-487e99b92540	2021-02-09 23:00:00	-19.094337	-45.891815
491b983b-950c-4a88-942d-487e99b92540	2021-02-10 07:00:00	-19.158657	-45.892986
491b983b-950c-4a88-942d-487e99b92540	2021-02-10 18:00:00	-19.032734	-45.975033
491b983b-950c-4a88-942d-487e99b92540	2021-02-11 10:00:00	-18.992258	-46.056374
491b983b-950c-4a88-942d-487e99b92540	2021-02-11 22:00:00	-19.13352	-45.896435
491b983b-950c-4a88-942d-487e99b92540	2021-02-12 04:00:00	-19.085684	-45.91573
491b983b-950c-4a88-942d-487e99b92540	2021-02-12 09:00:00	-19.094727	-45.89434
491b983b-950c-4a88-942d-487e99b92540	2021-02-12 17:00:00	-18.971525	-45.959396
491b983b-950c-4a88-942d-487e99b92540	2021-02-12 18:00:00	-19.042385	-46.044254
491b983b-950c-4a88-942d-487e99b92540	2021-02-13 10:00:00	-19.095274	-46.041943
491b983b-950c-4a88-942d-487e99b92540	2021-02-13 14:00:00	-19.040901	-45.957905
491b983b-950c-4a88-942d-487e99b92540	2021-02-13 18:00:00	-19.020872	-45.987926
491b983b-950c-4a88-942d-487e99b92540	2021-02-14 09:00:00	-19.042437	-46.065456
491b983b-950c-4a88-942d-487e99b92540	2021-02-15 01:00:00	-19.090195	-46.018497
491b983b-950c-4a88-942d-487e99b92540	2021-02-15 14:00:00	-18.992628	-45.95141
491b983b-950c-4a88-942d-487e99b92540	2021-02-15 15:00:00	-19.147327	-46.05998
491b983b-950c-4a88-942d-487e99b92540	2021-02-15 16:00:00	-19.093946	-46.058598
491b983b-950c-4a88-942d-487e99b92540	2021-02-16 08:00:00	-18.970675	-46.04394
491b983b-950c-4a88-942d-487e99b92540	2021-02-16 19:00:00	-19.139845	-45.92245
491b983b-950c-4a88-942d-487e99b92540	2021-02-16 22:00:00	-19.086973	-45.893456
491b983b-950c-4a88-942d-487e99b92540	2021-02-17 03:00:00	-19.048796	-46.03402
491b983b-950c-4a88-942d-487e99b92540	2021-02-17 04:00:00	-19.076723	-46.005062
491b983b-950c-4a88-942d-487e99b92540	2021-02-17 11:00:00	-19.077583	-46.06018
491b983b-950c-4a88-942d-487e99b92540	2021-02-17 19:00:00	-19.032534	-45.891212
491b983b-950c-4a88-942d-487e99b92540	2021-02-18 07:00:00	-19.117683	-46.007202
491b983b-950c-4a88-942d-487e99b92540	2021-02-18 10:00:00	-19.143959	-45.957764
491b983b-950c-4a88-942d-487e99b92540	2021-02-18 12:00:00	-19.107082	-46.00078
491b983b-950c-4a88-942d-487e99b92540	2021-02-19 03:00:00	-19.004683	-45.99093
491b983b-950c-4a88-942d-487e99b92540	2021-02-19 10:00:00	-19.082834	-45.956097
491b983b-950c-4a88-942d-487e99b92540	2021-02-19 14:00:00	-18.987354	-45.91311
491b983b-950c-4a88-942d-487e99b92540	2021-02-20 02:00:00	-19.08257	-46.03659
491b983b-950c-4a88-942d-487e99b92540	2021-02-20 08:00:00	-18.994574	-45.884315
491b983b-950c-4a88-942d-487e99b92540	2021-02-20 23:00:00	-19.092487	-45.926193
491b983b-950c-4a88-942d-487e99b92540	2021-02-21 04:00:00	-19.054253	-46.041775
491b983b-950c-4a88-942d-487e99b92540	2021-02-21 09:00:00	-19.01577	-45.917473
491b983b-950c-4a88-942d-487e99b92540	2021-02-21 10:00:00	-19.140236	-45.996998
491b983b-950c-4a88-942d-487e99b92540	2021-02-21 23:00:00	-19.038637	-45.93365
491b983b-950c-4a88-942d-487e99b92540	2021-02-22 01:00:00	-19.03376	-45.89155
491b983b-950c-4a88-942d-487e99b92540	2021-02-22 03:00:00	-19.010395	-45.983982
491b983b-950c-4a88-942d-487e99b92540	2021-02-22 13:00:00	-19.093763	-46.0705
491b983b-950c-4a88-942d-487e99b92540	2021-02-22 23:00:00	-19.103788	-45.99591
491b983b-950c-4a88-942d-487e99b92540	2021-02-23 08:00:00	-18.982288	-45.877586
491b983b-950c-4a88-942d-487e99b92540	2021-02-23 20:00:00	-19.049988	-45.879856
491b983b-950c-4a88-942d-487e99b92540	2021-02-24 07:00:00	-19.101849	-45.894424
491b983b-950c-4a88-942d-487e99b92540	2021-02-24 10:00:00	-18.992958	-45.991528
491b983b-950c-4a88-942d-487e99b92540	2021-02-24 12:00:00	-19.028551	-45.928482
491b983b-950c-4a88-942d-487e99b92540	2021-02-24 22:00:00	-19.031532	-46.00432
491b983b-950c-4a88-942d-487e99b92540	2021-02-25 03:00:00	-19.055256	-46.02359
491b983b-950c-4a88-942d-487e99b92540	2021-02-25 14:00:00	-19.002283	-46.05854
491b983b-950c-4a88-942d-487e99b92540	2021-02-26 00:00:00	-19.04413	-45.879375
491b983b-950c-4a88-942d-487e99b92540	2021-02-26 07:00:00	-19.13431	-45.9805
491b983b-950c-4a88-942d-487e99b92540	2021-02-26 21:00:00	-19.016657	-45.98786
491b983b-950c-4a88-942d-487e99b92540	2021-02-27 03:00:00	-19.018301	-46.0461
491b983b-950c-4a88-942d-487e99b92540	2021-02-27 11:00:00	-18.998253	-45.962994
491b983b-950c-4a88-942d-487e99b92540	2021-02-27 20:00:00	-19.03548	-45.971935
491b983b-950c-4a88-942d-487e99b92540	2021-02-27 22:00:00	-19.05879	-45.914513
491b983b-950c-4a88-942d-487e99b92540	2021-02-27 23:00:00	-19.119932	-45.969048
491b983b-950c-4a88-942d-487e99b92540	2021-02-28 12:00:00	-19.151957	-45.87777
491b983b-950c-4a88-942d-487e99b92540	2021-02-28 21:00:00	-19.027071	-46.004086
39317fcb-79e7-4e7e-83dc-723a9b63633c	2021-02-01 03:00:00	-19.163956	-46.087833
39317fcb-79e7-4e7e-83dc-723a9b63633c	2021-02-01 15:00:00	-19.157904	-46.100807
39317fcb-79e7-4e7e-83dc-723a9b63633c	2021-02-02 04:00:00	-19.225784	-46.07859
39317fcb-79e7-4e7e-83dc-723a9b63633c	2021-02-02 14:00:00	-19.284306	-45.95334
39317fcb-79e7-4e7e-83dc-723a9b63633c	2021-02-02 21:00:00	-19.194042	-45.953167
39317fcb-79e7-4e7e-83dc-723a9b63633c	2021-02-03 03:00:00	-19.1624	-45.963646
39317fcb-79e7-4e7e-83dc-723a9b63633c	2021-02-03 10:00:00	-19.335812	-46.028378
39317fcb-79e7-4e7e-83dc-723a9b63633c	2021-02-03 22:00:00	-19.316156	-45.9345
39317fcb-79e7-4e7e-83dc-723a9b63633c	2021-02-04 03:00:00	-19.221846	-46.0377
39317fcb-79e7-4e7e-83dc-723a9b63633c	2021-02-04 15:00:00	-19.34425	-45.939224
39317fcb-79e7-4e7e-83dc-723a9b63633c	2021-02-05 01:00:00	-19.185774	-46.06865
39317fcb-79e7-4e7e-83dc-723a9b63633c	2021-02-05 07:00:00	-19.20984	-45.94749
39317fcb-79e7-4e7e-83dc-723a9b63633c	2021-02-05 10:00:00	-19.202835	-45.93349
39317fcb-79e7-4e7e-83dc-723a9b63633c	2021-02-05 23:00:00	-19.293077	-46.036285
39317fcb-79e7-4e7e-83dc-723a9b63633c	2021-02-06 11:00:00	-19.157867	-45.971607
39317fcb-79e7-4e7e-83dc-723a9b63633c	2021-02-07 03:00:00	-19.208202	-46.085762
39317fcb-79e7-4e7e-83dc-723a9b63633c	2021-02-07 19:00:00	-19.14939	-45.941532
39317fcb-79e7-4e7e-83dc-723a9b63633c	2021-02-08 06:00:00	-19.180155	-45.92711
39317fcb-79e7-4e7e-83dc-723a9b63633c	2021-02-08 17:00:00	-19.281235	-46.068203
39317fcb-79e7-4e7e-83dc-723a9b63633c	2021-02-09 07:00:00	-19.34376	-46.009205
39317fcb-79e7-4e7e-83dc-723a9b63633c	2021-02-09 18:00:00	-19.276781	-45.973007
39317fcb-79e7-4e7e-83dc-723a9b63633c	2021-02-10 03:00:00	-19.24117	-46.113186
39317fcb-79e7-4e7e-83dc-723a9b63633c	2021-02-10 04:00:00	-19.240595	-46.11838
39317fcb-79e7-4e7e-83dc-723a9b63633c	2021-02-10 10:00:00	-19.232616	-45.972042
39317fcb-79e7-4e7e-83dc-723a9b63633c	2021-02-10 15:00:00	-19.325418	-46.055775
39317fcb-79e7-4e7e-83dc-723a9b63633c	2021-02-11 02:00:00	-19.301477	-46.066685
39317fcb-79e7-4e7e-83dc-723a9b63633c	2021-02-11 12:00:00	-19.201452	-46.00403
39317fcb-79e7-4e7e-83dc-723a9b63633c	2021-02-11 18:00:00	-19.214512	-45.93772
39317fcb-79e7-4e7e-83dc-723a9b63633c	2021-02-11 23:00:00	-19.184067	-46.049683
39317fcb-79e7-4e7e-83dc-723a9b63633c	2021-02-12 03:00:00	-19.238298	-46.089184
39317fcb-79e7-4e7e-83dc-723a9b63633c	2021-02-12 11:00:00	-19.309774	-46.00185
39317fcb-79e7-4e7e-83dc-723a9b63633c	2021-02-13 00:00:00	-19.323484	-45.954716
39317fcb-79e7-4e7e-83dc-723a9b63633c	2021-02-13 12:00:00	-19.303602	-46.029514
39317fcb-79e7-4e7e-83dc-723a9b63633c	2021-02-14 04:00:00	-19.231028	-46.081787
39317fcb-79e7-4e7e-83dc-723a9b63633c	2021-02-14 17:00:00	-19.285643	-45.96801
39317fcb-79e7-4e7e-83dc-723a9b63633c	2021-02-15 09:00:00	-19.205425	-46.02961
39317fcb-79e7-4e7e-83dc-723a9b63633c	2021-02-15 18:00:00	-19.208153	-46.081585
39317fcb-79e7-4e7e-83dc-723a9b63633c	2021-02-16 01:00:00	-19.186445	-45.96636
39317fcb-79e7-4e7e-83dc-723a9b63633c	2021-02-16 14:00:00	-19.290417	-46.05102
39317fcb-79e7-4e7e-83dc-723a9b63633c	2021-02-16 23:00:00	-19.2228	-45.97953
39317fcb-79e7-4e7e-83dc-723a9b63633c	2021-02-17 05:00:00	-19.280296	-45.94783
39317fcb-79e7-4e7e-83dc-723a9b63633c	2021-02-17 16:00:00	-19.25476	-45.96725
39317fcb-79e7-4e7e-83dc-723a9b63633c	2021-02-18 02:00:00	-19.33351	-46.11423
39317fcb-79e7-4e7e-83dc-723a9b63633c	2021-02-18 13:00:00	-19.203627	-46.043407
39317fcb-79e7-4e7e-83dc-723a9b63633c	2021-02-18 15:00:00	-19.291492	-46.06721
39317fcb-79e7-4e7e-83dc-723a9b63633c	2021-02-18 23:00:00	-19.323364	-46.09475
39317fcb-79e7-4e7e-83dc-723a9b63633c	2021-02-19 08:00:00	-19.221281	-46.07807
39317fcb-79e7-4e7e-83dc-723a9b63633c	2021-02-19 19:00:00	-19.242786	-46.03345
39317fcb-79e7-4e7e-83dc-723a9b63633c	2021-02-20 03:00:00	-19.269894	-45.964947
39317fcb-79e7-4e7e-83dc-723a9b63633c	2021-02-20 19:00:00	-19.203835	-45.984486
39317fcb-79e7-4e7e-83dc-723a9b63633c	2021-02-21 03:00:00	-19.33791	-45.982098
39317fcb-79e7-4e7e-83dc-723a9b63633c	2021-02-21 17:00:00	-19.16813	-45.942455
39317fcb-79e7-4e7e-83dc-723a9b63633c	2021-02-22 09:00:00	-19.337296	-46.098934
39317fcb-79e7-4e7e-83dc-723a9b63633c	2021-02-22 17:00:00	-19.290852	-46.01137
39317fcb-79e7-4e7e-83dc-723a9b63633c	2021-02-22 22:00:00	-19.32824	-46.081825
39317fcb-79e7-4e7e-83dc-723a9b63633c	2021-02-23 00:00:00	-19.328054	-46.034443
39317fcb-79e7-4e7e-83dc-723a9b63633c	2021-02-23 09:00:00	-19.154205	-45.9649
39317fcb-79e7-4e7e-83dc-723a9b63633c	2021-02-24 00:00:00	-19.342466	-45.99138
39317fcb-79e7-4e7e-83dc-723a9b63633c	2021-02-24 05:00:00	-19.216951	-46.05289
39317fcb-79e7-4e7e-83dc-723a9b63633c	2021-02-24 12:00:00	-19.249731	-45.936184
39317fcb-79e7-4e7e-83dc-723a9b63633c	2021-02-24 16:00:00	-19.210531	-46.090916
39317fcb-79e7-4e7e-83dc-723a9b63633c	2021-02-25 04:00:00	-19.273506	-46.052418
39317fcb-79e7-4e7e-83dc-723a9b63633c	2021-02-25 17:00:00	-19.246729	-45.94377
39317fcb-79e7-4e7e-83dc-723a9b63633c	2021-02-26 00:00:00	-19.186794	-45.94513
39317fcb-79e7-4e7e-83dc-723a9b63633c	2021-02-26 03:00:00	-19.324146	-46.087147
39317fcb-79e7-4e7e-83dc-723a9b63633c	2021-02-26 05:00:00	-19.157051	-45.99413
39317fcb-79e7-4e7e-83dc-723a9b63633c	2021-02-26 14:00:00	-19.307571	-46.051582
39317fcb-79e7-4e7e-83dc-723a9b63633c	2021-02-26 18:00:00	-19.234497	-45.96153
39317fcb-79e7-4e7e-83dc-723a9b63633c	2021-02-27 02:00:00	-19.19041	-45.999207
39317fcb-79e7-4e7e-83dc-723a9b63633c	2021-02-27 07:00:00	-19.27092	-45.998272
39317fcb-79e7-4e7e-83dc-723a9b63633c	2021-02-27 21:00:00	-19.304878	-45.935314
39317fcb-79e7-4e7e-83dc-723a9b63633c	2021-02-28 06:00:00	-19.273197	-46.119347
39317fcb-79e7-4e7e-83dc-723a9b63633c	2021-02-28 07:00:00	-19.245148	-45.979378
39317fcb-79e7-4e7e-83dc-723a9b63633c	2021-02-28 08:00:00	-19.318804	-46.01233
39317fcb-79e7-4e7e-83dc-723a9b63633c	2021-02-28 21:00:00	-19.287676	-46.082554
c79ef1de-92f3-4edd-bd55-553056640449	2021-02-01 03:00:00	-19.215664	-46.040363
c79ef1de-92f3-4edd-bd55-553056640449	2021-02-01 13:00:00	-19.15769	-45.963264
c79ef1de-92f3-4edd-bd55-553056640449	2021-02-01 23:00:00	-19.145493	-46.08738
c79ef1de-92f3-4edd-bd55-553056640449	2021-02-02 02:00:00	-19.098978	-46.079987
c79ef1de-92f3-4edd-bd55-553056640449	2021-02-02 12:00:00	-19.049284	-45.98634
c79ef1de-92f3-4edd-bd55-553056640449	2021-02-02 16:00:00	-19.076088	-45.964836
c79ef1de-92f3-4edd-bd55-553056640449	2021-02-03 06:00:00	-19.137814	-46.02058
c79ef1de-92f3-4edd-bd55-553056640449	2021-02-03 19:00:00	-19.1769	-46.129913
c79ef1de-92f3-4edd-bd55-553056640449	2021-02-04 05:00:00	-19.05604	-45.98565
c79ef1de-92f3-4edd-bd55-553056640449	2021-02-04 07:00:00	-19.1571	-46.02307
c79ef1de-92f3-4edd-bd55-553056640449	2021-02-04 19:00:00	-19.084007	-46.041374
c79ef1de-92f3-4edd-bd55-553056640449	2021-02-05 10:00:00	-19.116104	-46.13778
c79ef1de-92f3-4edd-bd55-553056640449	2021-02-06 02:00:00	-19.157715	-45.984062
c79ef1de-92f3-4edd-bd55-553056640449	2021-02-06 07:00:00	-19.114214	-46.104374
c79ef1de-92f3-4edd-bd55-553056640449	2021-02-06 19:00:00	-19.068283	-45.98112
c79ef1de-92f3-4edd-bd55-553056640449	2021-02-07 06:00:00	-19.214247	-46.061897
c79ef1de-92f3-4edd-bd55-553056640449	2021-02-07 09:00:00	-19.138365	-46.018375
c79ef1de-92f3-4edd-bd55-553056640449	2021-02-07 11:00:00	-19.179836	-46.039402
c79ef1de-92f3-4edd-bd55-553056640449	2021-02-07 21:00:00	-19.129166	-46.024227
c79ef1de-92f3-4edd-bd55-553056640449	2021-02-08 04:00:00	-19.160192	-46.08347
c79ef1de-92f3-4edd-bd55-553056640449	2021-02-08 15:00:00	-19.170464	-46.14685
c79ef1de-92f3-4edd-bd55-553056640449	2021-02-08 23:00:00	-19.051006	-46.020435
c79ef1de-92f3-4edd-bd55-553056640449	2021-02-09 12:00:00	-19.067616	-45.964268
c79ef1de-92f3-4edd-bd55-553056640449	2021-02-09 18:00:00	-19.116795	-46.00351
c79ef1de-92f3-4edd-bd55-553056640449	2021-02-10 08:00:00	-19.083256	-45.973843
c79ef1de-92f3-4edd-bd55-553056640449	2021-02-10 19:00:00	-19.184372	-45.984047
c79ef1de-92f3-4edd-bd55-553056640449	2021-02-11 03:00:00	-19.131107	-46.029083
c79ef1de-92f3-4edd-bd55-553056640449	2021-02-11 07:00:00	-19.094254	-46.11046
c79ef1de-92f3-4edd-bd55-553056640449	2021-02-11 17:00:00	-19.131712	-46.109043
c79ef1de-92f3-4edd-bd55-553056640449	2021-02-12 04:00:00	-19.199198	-46.123676
c79ef1de-92f3-4edd-bd55-553056640449	2021-02-12 12:00:00	-19.116915	-46.006367
c79ef1de-92f3-4edd-bd55-553056640449	2021-02-12 17:00:00	-19.085033	-46.087868
c79ef1de-92f3-4edd-bd55-553056640449	2021-02-12 19:00:00	-19.049183	-46.0913
c79ef1de-92f3-4edd-bd55-553056640449	2021-02-12 21:00:00	-19.095621	-46.127396
c79ef1de-92f3-4edd-bd55-553056640449	2021-02-13 11:00:00	-19.03881	-46.04582
c79ef1de-92f3-4edd-bd55-553056640449	2021-02-13 13:00:00	-19.08527	-46.010635
c79ef1de-92f3-4edd-bd55-553056640449	2021-02-14 04:00:00	-19.088919	-46.01536
c79ef1de-92f3-4edd-bd55-553056640449	2021-02-14 20:00:00	-19.147285	-45.994442
c79ef1de-92f3-4edd-bd55-553056640449	2021-02-15 07:00:00	-19.214218	-46.00001
c79ef1de-92f3-4edd-bd55-553056640449	2021-02-15 11:00:00	-19.057102	-46.03533
c79ef1de-92f3-4edd-bd55-553056640449	2021-02-15 14:00:00	-19.133524	-46.04532
c79ef1de-92f3-4edd-bd55-553056640449	2021-02-16 04:00:00	-19.067314	-46.014248
c79ef1de-92f3-4edd-bd55-553056640449	2021-02-16 14:00:00	-19.118526	-46.084736
c79ef1de-92f3-4edd-bd55-553056640449	2021-02-17 04:00:00	-19.17273	-46.119114
c79ef1de-92f3-4edd-bd55-553056640449	2021-02-17 05:00:00	-19.219398	-46.066154
c79ef1de-92f3-4edd-bd55-553056640449	2021-02-17 15:00:00	-19.071987	-46.032883
c79ef1de-92f3-4edd-bd55-553056640449	2021-02-18 00:00:00	-19.073902	-45.958637
c79ef1de-92f3-4edd-bd55-553056640449	2021-02-18 12:00:00	-19.026964	-46.144947
c79ef1de-92f3-4edd-bd55-553056640449	2021-02-18 20:00:00	-19.189238	-45.97051
c79ef1de-92f3-4edd-bd55-553056640449	2021-02-19 12:00:00	-19.073334	-46.05462
c79ef1de-92f3-4edd-bd55-553056640449	2021-02-19 22:00:00	-19.155544	-46.004623
c79ef1de-92f3-4edd-bd55-553056640449	2021-02-20 08:00:00	-19.0458	-46.048748
c79ef1de-92f3-4edd-bd55-553056640449	2021-02-20 11:00:00	-19.120352	-45.966
c79ef1de-92f3-4edd-bd55-553056640449	2021-02-20 23:00:00	-19.187887	-46.14688
c79ef1de-92f3-4edd-bd55-553056640449	2021-02-21 11:00:00	-19.137737	-46.15083
c79ef1de-92f3-4edd-bd55-553056640449	2021-02-22 02:00:00	-19.093945	-46.021664
c79ef1de-92f3-4edd-bd55-553056640449	2021-02-22 04:00:00	-19.167793	-45.979065
c79ef1de-92f3-4edd-bd55-553056640449	2021-02-22 19:00:00	-19.222292	-46.04828
c79ef1de-92f3-4edd-bd55-553056640449	2021-02-22 23:00:00	-19.035042	-46.144634
c79ef1de-92f3-4edd-bd55-553056640449	2021-02-23 06:00:00	-19.178751	-46.11526
c79ef1de-92f3-4edd-bd55-553056640449	2021-02-23 13:00:00	-19.057121	-46.06497
c79ef1de-92f3-4edd-bd55-553056640449	2021-02-24 02:00:00	-19.051865	-46.04167
c79ef1de-92f3-4edd-bd55-553056640449	2021-02-24 10:00:00	-19.100878	-46.059658
c79ef1de-92f3-4edd-bd55-553056640449	2021-02-24 12:00:00	-19.075172	-46.081394
c79ef1de-92f3-4edd-bd55-553056640449	2021-02-25 03:00:00	-19.199312	-46.1275
c79ef1de-92f3-4edd-bd55-553056640449	2021-02-25 05:00:00	-19.067566	-46.076084
c79ef1de-92f3-4edd-bd55-553056640449	2021-02-25 16:00:00	-19.222666	-46.138466
c79ef1de-92f3-4edd-bd55-553056640449	2021-02-26 05:00:00	-19.114956	-46.099434
c79ef1de-92f3-4edd-bd55-553056640449	2021-02-26 06:00:00	-19.088318	-46.097107
c79ef1de-92f3-4edd-bd55-553056640449	2021-02-26 09:00:00	-19.171396	-46.028667
c79ef1de-92f3-4edd-bd55-553056640449	2021-02-26 20:00:00	-19.151258	-45.96518
c79ef1de-92f3-4edd-bd55-553056640449	2021-02-26 23:00:00	-19.136595	-45.999203
c79ef1de-92f3-4edd-bd55-553056640449	2021-02-27 05:00:00	-19.150078	-46.06483
c79ef1de-92f3-4edd-bd55-553056640449	2021-02-27 14:00:00	-19.204609	-46.08085
c79ef1de-92f3-4edd-bd55-553056640449	2021-02-28 03:00:00	-19.091097	-46.127556
c79ef1de-92f3-4edd-bd55-553056640449	2021-02-28 12:00:00	-19.091692	-46.14889
b7aaba00-13f7-44a0-8bf1-bc163afcf9d8	2021-02-01 03:00:00	-19.272005	-46.043373
b7aaba00-13f7-44a0-8bf1-bc163afcf9d8	2021-02-01 12:00:00	-19.199015	-45.91484
b7aaba00-13f7-44a0-8bf1-bc163afcf9d8	2021-02-01 23:00:00	-19.236496	-45.994675
b7aaba00-13f7-44a0-8bf1-bc163afcf9d8	2021-02-02 08:00:00	-19.223965	-46.035133
b7aaba00-13f7-44a0-8bf1-bc163afcf9d8	2021-02-02 12:00:00	-19.276005	-45.941307
b7aaba00-13f7-44a0-8bf1-bc163afcf9d8	2021-02-03 00:00:00	-19.287668	-46.074825
b7aaba00-13f7-44a0-8bf1-bc163afcf9d8	2021-02-03 10:00:00	-19.273403	-45.9581
b7aaba00-13f7-44a0-8bf1-bc163afcf9d8	2021-02-04 00:00:00	-19.186264	-46.070522
b7aaba00-13f7-44a0-8bf1-bc163afcf9d8	2021-02-04 08:00:00	-19.279291	-45.97669
b7aaba00-13f7-44a0-8bf1-bc163afcf9d8	2021-02-04 15:00:00	-19.174877	-45.90855
b7aaba00-13f7-44a0-8bf1-bc163afcf9d8	2021-02-04 20:00:00	-19.12517	-46.09811
b7aaba00-13f7-44a0-8bf1-bc163afcf9d8	2021-02-05 03:00:00	-19.188314	-45.973583
b7aaba00-13f7-44a0-8bf1-bc163afcf9d8	2021-02-05 08:00:00	-19.114878	-46.029102
b7aaba00-13f7-44a0-8bf1-bc163afcf9d8	2021-02-05 09:00:00	-19.273653	-45.93915
b7aaba00-13f7-44a0-8bf1-bc163afcf9d8	2021-02-05 13:00:00	-19.161655	-46.056957
b7aaba00-13f7-44a0-8bf1-bc163afcf9d8	2021-02-06 02:00:00	-19.249113	-46.08954
b7aaba00-13f7-44a0-8bf1-bc163afcf9d8	2021-02-06 17:00:00	-19.232107	-46.059814
b7aaba00-13f7-44a0-8bf1-bc163afcf9d8	2021-02-07 09:00:00	-19.262135	-45.958393
b7aaba00-13f7-44a0-8bf1-bc163afcf9d8	2021-02-08 01:00:00	-19.257467	-46.09601
b7aaba00-13f7-44a0-8bf1-bc163afcf9d8	2021-02-08 05:00:00	-19.149725	-45.950546
b7aaba00-13f7-44a0-8bf1-bc163afcf9d8	2021-02-08 10:00:00	-19.278238	-45.99799
b7aaba00-13f7-44a0-8bf1-bc163afcf9d8	2021-02-08 11:00:00	-19.13899	-46.03173
b7aaba00-13f7-44a0-8bf1-bc163afcf9d8	2021-02-08 17:00:00	-19.180574	-46.02837
b7aaba00-13f7-44a0-8bf1-bc163afcf9d8	2021-02-09 06:00:00	-19.288137	-45.930813
b7aaba00-13f7-44a0-8bf1-bc163afcf9d8	2021-02-09 18:00:00	-19.264532	-46.004597
b7aaba00-13f7-44a0-8bf1-bc163afcf9d8	2021-02-09 20:00:00	-19.156954	-45.947136
b7aaba00-13f7-44a0-8bf1-bc163afcf9d8	2021-02-10 08:00:00	-19.17131	-45.944416
b7aaba00-13f7-44a0-8bf1-bc163afcf9d8	2021-02-10 14:00:00	-19.178429	-46.07344
b7aaba00-13f7-44a0-8bf1-bc163afcf9d8	2021-02-10 19:00:00	-19.183357	-45.99186
b7aaba00-13f7-44a0-8bf1-bc163afcf9d8	2021-02-11 06:00:00	-19.173468	-45.976173
b7aaba00-13f7-44a0-8bf1-bc163afcf9d8	2021-02-11 18:00:00	-19.300478	-46.005276
b7aaba00-13f7-44a0-8bf1-bc163afcf9d8	2021-02-11 19:00:00	-19.141197	-46.00901
b7aaba00-13f7-44a0-8bf1-bc163afcf9d8	2021-02-12 03:00:00	-19.178082	-45.936077
b7aaba00-13f7-44a0-8bf1-bc163afcf9d8	2021-02-12 15:00:00	-19.237173	-45.992317
b7aaba00-13f7-44a0-8bf1-bc163afcf9d8	2021-02-12 17:00:00	-19.262304	-45.994972
b7aaba00-13f7-44a0-8bf1-bc163afcf9d8	2021-02-13 09:00:00	-19.150862	-46.00624
b7aaba00-13f7-44a0-8bf1-bc163afcf9d8	2021-02-13 21:00:00	-19.175667	-45.95148
b7aaba00-13f7-44a0-8bf1-bc163afcf9d8	2021-02-14 08:00:00	-19.229055	-45.961285
b7aaba00-13f7-44a0-8bf1-bc163afcf9d8	2021-02-14 22:00:00	-19.276907	-46.09876
b7aaba00-13f7-44a0-8bf1-bc163afcf9d8	2021-02-15 12:00:00	-19.138094	-45.99599
b7aaba00-13f7-44a0-8bf1-bc163afcf9d8	2021-02-15 22:00:00	-19.26591	-45.984184
b7aaba00-13f7-44a0-8bf1-bc163afcf9d8	2021-02-16 09:00:00	-19.133358	-45.912853
b7aaba00-13f7-44a0-8bf1-bc163afcf9d8	2021-02-16 23:00:00	-19.284643	-46.081017
b7aaba00-13f7-44a0-8bf1-bc163afcf9d8	2021-02-17 04:00:00	-19.258244	-46.064354
b7aaba00-13f7-44a0-8bf1-bc163afcf9d8	2021-02-17 06:00:00	-19.226051	-46.062763
b7aaba00-13f7-44a0-8bf1-bc163afcf9d8	2021-02-17 16:00:00	-19.194841	-46.07319
b7aaba00-13f7-44a0-8bf1-bc163afcf9d8	2021-02-18 03:00:00	-19.174072	-45.938896
b7aaba00-13f7-44a0-8bf1-bc163afcf9d8	2021-02-18 07:00:00	-19.265362	-46.10045
b7aaba00-13f7-44a0-8bf1-bc163afcf9d8	2021-02-18 17:00:00	-19.256828	-45.907154
b7aaba00-13f7-44a0-8bf1-bc163afcf9d8	2021-02-19 06:00:00	-19.206463	-46.07968
b7aaba00-13f7-44a0-8bf1-bc163afcf9d8	2021-02-19 13:00:00	-19.129503	-46.02321
b7aaba00-13f7-44a0-8bf1-bc163afcf9d8	2021-02-19 20:00:00	-19.143736	-46.048397
b7aaba00-13f7-44a0-8bf1-bc163afcf9d8	2021-02-19 21:00:00	-19.180632	-45.91401
b7aaba00-13f7-44a0-8bf1-bc163afcf9d8	2021-02-20 12:00:00	-19.134083	-46.03558
b7aaba00-13f7-44a0-8bf1-bc163afcf9d8	2021-02-20 23:00:00	-19.174889	-45.945633
b7aaba00-13f7-44a0-8bf1-bc163afcf9d8	2021-02-21 07:00:00	-19.22538	-46.05025
b7aaba00-13f7-44a0-8bf1-bc163afcf9d8	2021-02-21 17:00:00	-19.27743	-46.069344
b7aaba00-13f7-44a0-8bf1-bc163afcf9d8	2021-02-21 21:00:00	-19.195667	-46.056477
b7aaba00-13f7-44a0-8bf1-bc163afcf9d8	2021-02-22 10:00:00	-19.13717	-46.076187
b7aaba00-13f7-44a0-8bf1-bc163afcf9d8	2021-02-22 17:00:00	-19.12005	-45.98725
b7aaba00-13f7-44a0-8bf1-bc163afcf9d8	2021-02-23 02:00:00	-19.31361	-46.007915
b7aaba00-13f7-44a0-8bf1-bc163afcf9d8	2021-02-23 13:00:00	-19.188015	-46.057236
b7aaba00-13f7-44a0-8bf1-bc163afcf9d8	2021-02-23 14:00:00	-19.279125	-46.059666
b7aaba00-13f7-44a0-8bf1-bc163afcf9d8	2021-02-24 02:00:00	-19.293142	-45.98924
b7aaba00-13f7-44a0-8bf1-bc163afcf9d8	2021-02-24 07:00:00	-19.20146	-45.910183
b7aaba00-13f7-44a0-8bf1-bc163afcf9d8	2021-02-24 16:00:00	-19.26957	-45.967968
b7aaba00-13f7-44a0-8bf1-bc163afcf9d8	2021-02-25 07:00:00	-19.248302	-45.98387
b7aaba00-13f7-44a0-8bf1-bc163afcf9d8	2021-02-25 12:00:00	-19.243465	-46.01038
b7aaba00-13f7-44a0-8bf1-bc163afcf9d8	2021-02-26 02:00:00	-19.24918	-45.940353
b7aaba00-13f7-44a0-8bf1-bc163afcf9d8	2021-02-26 05:00:00	-19.228455	-46.031723
b7aaba00-13f7-44a0-8bf1-bc163afcf9d8	2021-02-26 19:00:00	-19.1497	-46.054916
b7aaba00-13f7-44a0-8bf1-bc163afcf9d8	2021-02-27 09:00:00	-19.262789	-45.943584
b7aaba00-13f7-44a0-8bf1-bc163afcf9d8	2021-02-27 12:00:00	-19.199053	-46.06238
b7aaba00-13f7-44a0-8bf1-bc163afcf9d8	2021-02-27 21:00:00	-19.296715	-46.03907
b7aaba00-13f7-44a0-8bf1-bc163afcf9d8	2021-02-28 00:00:00	-19.209894	-46.002197
b7aaba00-13f7-44a0-8bf1-bc163afcf9d8	2021-02-28 15:00:00	-19.164433	-46.032433
b7aaba00-13f7-44a0-8bf1-bc163afcf9d8	2021-02-28 20:00:00	-19.152431	-46.078026
b7aaba00-13f7-44a0-8bf1-bc163afcf9d8	2021-03-01 00:00:00	-19.172476	-46.08003
fe2a2e11-bfa6-46b6-990b-fd8175946b7e	2021-02-01 03:00:00	-19.300732	-46.107544
fe2a2e11-bfa6-46b6-990b-fd8175946b7e	2021-02-01 06:00:00	-19.274424	-46.039814
fe2a2e11-bfa6-46b6-990b-fd8175946b7e	2021-02-01 17:00:00	-19.15557	-46.09363
fe2a2e11-bfa6-46b6-990b-fd8175946b7e	2021-02-02 05:00:00	-19.240734	-46.080067
fe2a2e11-bfa6-46b6-990b-fd8175946b7e	2021-02-02 10:00:00	-19.16149	-46.023315
fe2a2e11-bfa6-46b6-990b-fd8175946b7e	2021-02-03 02:00:00	-19.233019	-46.08419
fe2a2e11-bfa6-46b6-990b-fd8175946b7e	2021-02-03 14:00:00	-19.314041	-46.01901
fe2a2e11-bfa6-46b6-990b-fd8175946b7e	2021-02-04 05:00:00	-19.202932	-45.999203
fe2a2e11-bfa6-46b6-990b-fd8175946b7e	2021-02-04 06:00:00	-19.156155	-46.033386
fe2a2e11-bfa6-46b6-990b-fd8175946b7e	2021-02-04 07:00:00	-19.201506	-45.97973
fe2a2e11-bfa6-46b6-990b-fd8175946b7e	2021-02-04 16:00:00	-19.18595	-45.9852
fe2a2e11-bfa6-46b6-990b-fd8175946b7e	2021-02-05 07:00:00	-19.274984	-46.099663
fe2a2e11-bfa6-46b6-990b-fd8175946b7e	2021-02-05 19:00:00	-19.238838	-46.077023
fe2a2e11-bfa6-46b6-990b-fd8175946b7e	2021-02-05 22:00:00	-19.229689	-46.026264
fe2a2e11-bfa6-46b6-990b-fd8175946b7e	2021-02-06 07:00:00	-19.255157	-45.965134
fe2a2e11-bfa6-46b6-990b-fd8175946b7e	2021-02-06 21:00:00	-19.15825	-46.10592
fe2a2e11-bfa6-46b6-990b-fd8175946b7e	2021-02-07 10:00:00	-19.258947	-46.134266
fe2a2e11-bfa6-46b6-990b-fd8175946b7e	2021-02-07 23:00:00	-19.286959	-46.036003
fe2a2e11-bfa6-46b6-990b-fd8175946b7e	2021-02-08 01:00:00	-19.259426	-46.089684
fe2a2e11-bfa6-46b6-990b-fd8175946b7e	2021-02-08 09:00:00	-19.255949	-46.01404
fe2a2e11-bfa6-46b6-990b-fd8175946b7e	2021-02-08 11:00:00	-19.314844	-45.95966
fe2a2e11-bfa6-46b6-990b-fd8175946b7e	2021-02-08 17:00:00	-19.17516	-46.065815
fe2a2e11-bfa6-46b6-990b-fd8175946b7e	2021-02-08 21:00:00	-19.248388	-45.941147
fe2a2e11-bfa6-46b6-990b-fd8175946b7e	2021-02-09 03:00:00	-19.218515	-45.95933
fe2a2e11-bfa6-46b6-990b-fd8175946b7e	2021-02-09 18:00:00	-19.33733	-46.11408
fe2a2e11-bfa6-46b6-990b-fd8175946b7e	2021-02-09 19:00:00	-19.303185	-46.012844
fe2a2e11-bfa6-46b6-990b-fd8175946b7e	2021-02-09 21:00:00	-19.281311	-45.95061
fe2a2e11-bfa6-46b6-990b-fd8175946b7e	2021-02-10 07:00:00	-19.252977	-45.957127
fe2a2e11-bfa6-46b6-990b-fd8175946b7e	2021-02-10 19:00:00	-19.331097	-45.98055
fe2a2e11-bfa6-46b6-990b-fd8175946b7e	2021-02-11 02:00:00	-19.304201	-46.04515
fe2a2e11-bfa6-46b6-990b-fd8175946b7e	2021-02-11 15:00:00	-19.212782	-45.96591
fe2a2e11-bfa6-46b6-990b-fd8175946b7e	2021-02-12 02:00:00	-19.266565	-46.119007
fe2a2e11-bfa6-46b6-990b-fd8175946b7e	2021-02-12 09:00:00	-19.174551	-46.019947
fe2a2e11-bfa6-46b6-990b-fd8175946b7e	2021-02-12 12:00:00	-19.242422	-46.06443
fe2a2e11-bfa6-46b6-990b-fd8175946b7e	2021-02-13 03:00:00	-19.245296	-46.023403
fe2a2e11-bfa6-46b6-990b-fd8175946b7e	2021-02-13 18:00:00	-19.20096	-46.103226
fe2a2e11-bfa6-46b6-990b-fd8175946b7e	2021-02-13 20:00:00	-19.143166	-45.9433
fe2a2e11-bfa6-46b6-990b-fd8175946b7e	2021-02-14 07:00:00	-19.137732	-46.113132
fe2a2e11-bfa6-46b6-990b-fd8175946b7e	2021-02-14 12:00:00	-19.156153	-46.00243
fe2a2e11-bfa6-46b6-990b-fd8175946b7e	2021-02-14 20:00:00	-19.228586	-46.128403
fe2a2e11-bfa6-46b6-990b-fd8175946b7e	2021-02-15 12:00:00	-19.185272	-45.993004
fe2a2e11-bfa6-46b6-990b-fd8175946b7e	2021-02-15 16:00:00	-19.165209	-45.992023
fe2a2e11-bfa6-46b6-990b-fd8175946b7e	2021-02-16 07:00:00	-19.17499	-46.091724
fe2a2e11-bfa6-46b6-990b-fd8175946b7e	2021-02-16 10:00:00	-19.303118	-46.020058
fe2a2e11-bfa6-46b6-990b-fd8175946b7e	2021-02-16 19:00:00	-19.333488	-46.054092
fe2a2e11-bfa6-46b6-990b-fd8175946b7e	2021-02-17 04:00:00	-19.289577	-46.123196
fe2a2e11-bfa6-46b6-990b-fd8175946b7e	2021-02-17 09:00:00	-19.173029	-46.055283
fe2a2e11-bfa6-46b6-990b-fd8175946b7e	2021-02-17 16:00:00	-19.281479	-46.025948
fe2a2e11-bfa6-46b6-990b-fd8175946b7e	2021-02-17 17:00:00	-19.305134	-46.10531
fe2a2e11-bfa6-46b6-990b-fd8175946b7e	2021-02-17 22:00:00	-19.160784	-46.012783
fe2a2e11-bfa6-46b6-990b-fd8175946b7e	2021-02-18 00:00:00	-19.138529	-46.041416
fe2a2e11-bfa6-46b6-990b-fd8175946b7e	2021-02-18 11:00:00	-19.186121	-46.080887
fe2a2e11-bfa6-46b6-990b-fd8175946b7e	2021-02-19 00:00:00	-19.280481	-46.016285
fe2a2e11-bfa6-46b6-990b-fd8175946b7e	2021-02-19 09:00:00	-19.236975	-46.023193
fe2a2e11-bfa6-46b6-990b-fd8175946b7e	2021-02-19 18:00:00	-19.173597	-46.092594
fe2a2e11-bfa6-46b6-990b-fd8175946b7e	2021-02-20 08:00:00	-19.291704	-46.041096
fe2a2e11-bfa6-46b6-990b-fd8175946b7e	2021-02-20 15:00:00	-19.233366	-45.94614
fe2a2e11-bfa6-46b6-990b-fd8175946b7e	2021-02-21 07:00:00	-19.303038	-45.983334
fe2a2e11-bfa6-46b6-990b-fd8175946b7e	2021-02-21 12:00:00	-19.142323	-46.061363
fe2a2e11-bfa6-46b6-990b-fd8175946b7e	2021-02-21 13:00:00	-19.3209	-45.980576
fe2a2e11-bfa6-46b6-990b-fd8175946b7e	2021-02-22 04:00:00	-19.225924	-45.938805
fe2a2e11-bfa6-46b6-990b-fd8175946b7e	2021-02-22 18:00:00	-19.265257	-45.995872
fe2a2e11-bfa6-46b6-990b-fd8175946b7e	2021-02-22 22:00:00	-19.289925	-45.953598
fe2a2e11-bfa6-46b6-990b-fd8175946b7e	2021-02-23 01:00:00	-19.257559	-45.972225
fe2a2e11-bfa6-46b6-990b-fd8175946b7e	2021-02-23 12:00:00	-19.237453	-46.01314
fe2a2e11-bfa6-46b6-990b-fd8175946b7e	2021-02-23 20:00:00	-19.295174	-45.962166
fe2a2e11-bfa6-46b6-990b-fd8175946b7e	2021-02-24 01:00:00	-19.204529	-46.076283
fe2a2e11-bfa6-46b6-990b-fd8175946b7e	2021-02-24 11:00:00	-19.161125	-46.132656
fe2a2e11-bfa6-46b6-990b-fd8175946b7e	2021-02-25 02:00:00	-19.19366	-46.07954
fe2a2e11-bfa6-46b6-990b-fd8175946b7e	2021-02-25 07:00:00	-19.188295	-45.969345
fe2a2e11-bfa6-46b6-990b-fd8175946b7e	2021-02-25 16:00:00	-19.31834	-45.987907
fe2a2e11-bfa6-46b6-990b-fd8175946b7e	2021-02-26 03:00:00	-19.265175	-46.050957
fe2a2e11-bfa6-46b6-990b-fd8175946b7e	2021-02-26 17:00:00	-19.313995	-46.11443
fe2a2e11-bfa6-46b6-990b-fd8175946b7e	2021-02-27 07:00:00	-19.152699	-45.997604
fe2a2e11-bfa6-46b6-990b-fd8175946b7e	2021-02-27 22:00:00	-19.287382	-46.000336
fe2a2e11-bfa6-46b6-990b-fd8175946b7e	2021-02-28 10:00:00	-19.206036	-46.134075
fe2a2e11-bfa6-46b6-990b-fd8175946b7e	2021-03-01 01:00:00	-19.163073	-46.06338
\.


--
-- TOC entry 3351 (class 0 OID 17009)
-- Dependencies: 219
-- Data for Name: equipment_state; Type: TABLE DATA; Schema: operation; Owner: postgres
--

COPY operation.equipment_state (id, name, color) FROM stdin;
0808344c-454b-4c36-89e8-d7687e692d57	Operando	#2ecc71
baff9783-84e8-4e01-874b-6fd743b875ad	Parado	#f1c40f
03b2d446-e3ba-4c82-8dc2-a5611fea6e1f	Manutenção	#e74c3c
\.


--
-- TOC entry 3352 (class 0 OID 17014)
-- Dependencies: 220
-- Data for Name: equipment_state_history; Type: TABLE DATA; Schema: operation; Owner: postgres
--

COPY operation.equipment_state_history (equipment_id, date, equipment_state_id) FROM stdin;
a7c53eb1-4f5e-4eba-9764-ad205d0891f9	2021-02-01 03:00:00	03b2d446-e3ba-4c82-8dc2-a5611fea6e1f
a7c53eb1-4f5e-4eba-9764-ad205d0891f9	2021-02-01 07:00:00	baff9783-84e8-4e01-874b-6fd743b875ad
a7c53eb1-4f5e-4eba-9764-ad205d0891f9	2021-02-01 12:00:00	03b2d446-e3ba-4c82-8dc2-a5611fea6e1f
a7c53eb1-4f5e-4eba-9764-ad205d0891f9	2021-02-01 15:00:00	baff9783-84e8-4e01-874b-6fd743b875ad
a7c53eb1-4f5e-4eba-9764-ad205d0891f9	2021-02-01 17:00:00	0808344c-454b-4c36-89e8-d7687e692d57
a7c53eb1-4f5e-4eba-9764-ad205d0891f9	2021-02-02 10:00:00	03b2d446-e3ba-4c82-8dc2-a5611fea6e1f
a7c53eb1-4f5e-4eba-9764-ad205d0891f9	2021-02-02 11:00:00	0808344c-454b-4c36-89e8-d7687e692d57
a7c53eb1-4f5e-4eba-9764-ad205d0891f9	2021-02-02 19:00:00	baff9783-84e8-4e01-874b-6fd743b875ad
a7c53eb1-4f5e-4eba-9764-ad205d0891f9	2021-02-02 20:00:00	03b2d446-e3ba-4c82-8dc2-a5611fea6e1f
a7c53eb1-4f5e-4eba-9764-ad205d0891f9	2021-02-02 22:00:00	baff9783-84e8-4e01-874b-6fd743b875ad
a7c53eb1-4f5e-4eba-9764-ad205d0891f9	2021-02-03 02:00:00	0808344c-454b-4c36-89e8-d7687e692d57
a7c53eb1-4f5e-4eba-9764-ad205d0891f9	2021-02-03 17:00:00	03b2d446-e3ba-4c82-8dc2-a5611fea6e1f
a7c53eb1-4f5e-4eba-9764-ad205d0891f9	2021-02-03 19:00:00	baff9783-84e8-4e01-874b-6fd743b875ad
a7c53eb1-4f5e-4eba-9764-ad205d0891f9	2021-02-03 23:00:00	0808344c-454b-4c36-89e8-d7687e692d57
a7c53eb1-4f5e-4eba-9764-ad205d0891f9	2021-02-04 17:00:00	03b2d446-e3ba-4c82-8dc2-a5611fea6e1f
a7c53eb1-4f5e-4eba-9764-ad205d0891f9	2021-02-04 21:00:00	0808344c-454b-4c36-89e8-d7687e692d57
a7c53eb1-4f5e-4eba-9764-ad205d0891f9	2021-02-05 02:00:00	03b2d446-e3ba-4c82-8dc2-a5611fea6e1f
a7c53eb1-4f5e-4eba-9764-ad205d0891f9	2021-02-05 04:00:00	0808344c-454b-4c36-89e8-d7687e692d57
a7c53eb1-4f5e-4eba-9764-ad205d0891f9	2021-02-05 13:00:00	03b2d446-e3ba-4c82-8dc2-a5611fea6e1f
a7c53eb1-4f5e-4eba-9764-ad205d0891f9	2021-02-05 17:00:00	0808344c-454b-4c36-89e8-d7687e692d57
a7c53eb1-4f5e-4eba-9764-ad205d0891f9	2021-02-06 05:00:00	baff9783-84e8-4e01-874b-6fd743b875ad
a7c53eb1-4f5e-4eba-9764-ad205d0891f9	2021-02-06 09:00:00	0808344c-454b-4c36-89e8-d7687e692d57
a7c53eb1-4f5e-4eba-9764-ad205d0891f9	2021-02-06 15:00:00	03b2d446-e3ba-4c82-8dc2-a5611fea6e1f
a7c53eb1-4f5e-4eba-9764-ad205d0891f9	2021-02-06 19:00:00	0808344c-454b-4c36-89e8-d7687e692d57
a7c53eb1-4f5e-4eba-9764-ad205d0891f9	2021-02-06 23:00:00	baff9783-84e8-4e01-874b-6fd743b875ad
a7c53eb1-4f5e-4eba-9764-ad205d0891f9	2021-02-07 00:00:00	0808344c-454b-4c36-89e8-d7687e692d57
a7c53eb1-4f5e-4eba-9764-ad205d0891f9	2021-02-07 08:00:00	baff9783-84e8-4e01-874b-6fd743b875ad
a7c53eb1-4f5e-4eba-9764-ad205d0891f9	2021-02-07 11:00:00	0808344c-454b-4c36-89e8-d7687e692d57
a7c53eb1-4f5e-4eba-9764-ad205d0891f9	2021-02-07 17:00:00	03b2d446-e3ba-4c82-8dc2-a5611fea6e1f
a7c53eb1-4f5e-4eba-9764-ad205d0891f9	2021-02-07 20:00:00	0808344c-454b-4c36-89e8-d7687e692d57
a7c53eb1-4f5e-4eba-9764-ad205d0891f9	2021-02-08 09:00:00	baff9783-84e8-4e01-874b-6fd743b875ad
a7c53eb1-4f5e-4eba-9764-ad205d0891f9	2021-02-08 11:00:00	0808344c-454b-4c36-89e8-d7687e692d57
a7c53eb1-4f5e-4eba-9764-ad205d0891f9	2021-02-08 21:00:00	baff9783-84e8-4e01-874b-6fd743b875ad
a7c53eb1-4f5e-4eba-9764-ad205d0891f9	2021-02-09 00:00:00	0808344c-454b-4c36-89e8-d7687e692d57
a7c53eb1-4f5e-4eba-9764-ad205d0891f9	2021-02-09 15:00:00	03b2d446-e3ba-4c82-8dc2-a5611fea6e1f
a7c53eb1-4f5e-4eba-9764-ad205d0891f9	2021-02-09 19:00:00	baff9783-84e8-4e01-874b-6fd743b875ad
a7c53eb1-4f5e-4eba-9764-ad205d0891f9	2021-02-09 22:00:00	03b2d446-e3ba-4c82-8dc2-a5611fea6e1f
a7c53eb1-4f5e-4eba-9764-ad205d0891f9	2021-02-10 00:00:00	0808344c-454b-4c36-89e8-d7687e692d57
a7c53eb1-4f5e-4eba-9764-ad205d0891f9	2021-02-10 06:00:00	baff9783-84e8-4e01-874b-6fd743b875ad
a7c53eb1-4f5e-4eba-9764-ad205d0891f9	2021-02-10 10:00:00	0808344c-454b-4c36-89e8-d7687e692d57
a7c53eb1-4f5e-4eba-9764-ad205d0891f9	2021-02-10 20:00:00	03b2d446-e3ba-4c82-8dc2-a5611fea6e1f
a7c53eb1-4f5e-4eba-9764-ad205d0891f9	2021-02-10 22:00:00	0808344c-454b-4c36-89e8-d7687e692d57
a7c53eb1-4f5e-4eba-9764-ad205d0891f9	2021-02-11 02:00:00	baff9783-84e8-4e01-874b-6fd743b875ad
a7c53eb1-4f5e-4eba-9764-ad205d0891f9	2021-02-11 03:00:00	03b2d446-e3ba-4c82-8dc2-a5611fea6e1f
a7c53eb1-4f5e-4eba-9764-ad205d0891f9	2021-02-11 05:00:00	0808344c-454b-4c36-89e8-d7687e692d57
a7c53eb1-4f5e-4eba-9764-ad205d0891f9	2021-02-11 13:00:00	03b2d446-e3ba-4c82-8dc2-a5611fea6e1f
a7c53eb1-4f5e-4eba-9764-ad205d0891f9	2021-02-11 15:00:00	0808344c-454b-4c36-89e8-d7687e692d57
a7c53eb1-4f5e-4eba-9764-ad205d0891f9	2021-02-12 02:00:00	baff9783-84e8-4e01-874b-6fd743b875ad
a7c53eb1-4f5e-4eba-9764-ad205d0891f9	2021-02-12 06:00:00	03b2d446-e3ba-4c82-8dc2-a5611fea6e1f
a7c53eb1-4f5e-4eba-9764-ad205d0891f9	2021-02-12 09:00:00	0808344c-454b-4c36-89e8-d7687e692d57
a7c53eb1-4f5e-4eba-9764-ad205d0891f9	2021-02-12 16:00:00	baff9783-84e8-4e01-874b-6fd743b875ad
a7c53eb1-4f5e-4eba-9764-ad205d0891f9	2021-02-12 20:00:00	0808344c-454b-4c36-89e8-d7687e692d57
a7c53eb1-4f5e-4eba-9764-ad205d0891f9	2021-02-13 11:00:00	03b2d446-e3ba-4c82-8dc2-a5611fea6e1f
a7c53eb1-4f5e-4eba-9764-ad205d0891f9	2021-02-13 12:00:00	0808344c-454b-4c36-89e8-d7687e692d57
a7c53eb1-4f5e-4eba-9764-ad205d0891f9	2021-02-14 04:00:00	baff9783-84e8-4e01-874b-6fd743b875ad
a7c53eb1-4f5e-4eba-9764-ad205d0891f9	2021-02-14 10:00:00	03b2d446-e3ba-4c82-8dc2-a5611fea6e1f
a7c53eb1-4f5e-4eba-9764-ad205d0891f9	2021-02-14 14:00:00	0808344c-454b-4c36-89e8-d7687e692d57
a7c53eb1-4f5e-4eba-9764-ad205d0891f9	2021-02-14 22:00:00	03b2d446-e3ba-4c82-8dc2-a5611fea6e1f
a7c53eb1-4f5e-4eba-9764-ad205d0891f9	2021-02-14 23:00:00	0808344c-454b-4c36-89e8-d7687e692d57
a7c53eb1-4f5e-4eba-9764-ad205d0891f9	2021-02-15 08:00:00	03b2d446-e3ba-4c82-8dc2-a5611fea6e1f
a7c53eb1-4f5e-4eba-9764-ad205d0891f9	2021-02-15 12:00:00	baff9783-84e8-4e01-874b-6fd743b875ad
a7c53eb1-4f5e-4eba-9764-ad205d0891f9	2021-02-15 18:00:00	0808344c-454b-4c36-89e8-d7687e692d57
a7c53eb1-4f5e-4eba-9764-ad205d0891f9	2021-02-16 06:00:00	03b2d446-e3ba-4c82-8dc2-a5611fea6e1f
a7c53eb1-4f5e-4eba-9764-ad205d0891f9	2021-02-16 07:00:00	0808344c-454b-4c36-89e8-d7687e692d57
a7c53eb1-4f5e-4eba-9764-ad205d0891f9	2021-02-17 00:00:00	baff9783-84e8-4e01-874b-6fd743b875ad
a7c53eb1-4f5e-4eba-9764-ad205d0891f9	2021-02-17 03:00:00	0808344c-454b-4c36-89e8-d7687e692d57
a7c53eb1-4f5e-4eba-9764-ad205d0891f9	2021-02-17 18:00:00	baff9783-84e8-4e01-874b-6fd743b875ad
a7c53eb1-4f5e-4eba-9764-ad205d0891f9	2021-02-18 00:00:00	0808344c-454b-4c36-89e8-d7687e692d57
a7c53eb1-4f5e-4eba-9764-ad205d0891f9	2021-02-18 09:00:00	baff9783-84e8-4e01-874b-6fd743b875ad
a7c53eb1-4f5e-4eba-9764-ad205d0891f9	2021-02-18 11:00:00	0808344c-454b-4c36-89e8-d7687e692d57
a7c53eb1-4f5e-4eba-9764-ad205d0891f9	2021-02-18 19:00:00	baff9783-84e8-4e01-874b-6fd743b875ad
a7c53eb1-4f5e-4eba-9764-ad205d0891f9	2021-02-18 23:00:00	03b2d446-e3ba-4c82-8dc2-a5611fea6e1f
a7c53eb1-4f5e-4eba-9764-ad205d0891f9	2021-02-19 00:00:00	baff9783-84e8-4e01-874b-6fd743b875ad
a7c53eb1-4f5e-4eba-9764-ad205d0891f9	2021-02-19 03:00:00	0808344c-454b-4c36-89e8-d7687e692d57
a7c53eb1-4f5e-4eba-9764-ad205d0891f9	2021-02-19 15:00:00	baff9783-84e8-4e01-874b-6fd743b875ad
a7c53eb1-4f5e-4eba-9764-ad205d0891f9	2021-02-19 19:00:00	0808344c-454b-4c36-89e8-d7687e692d57
a7c53eb1-4f5e-4eba-9764-ad205d0891f9	2021-02-20 03:00:00	03b2d446-e3ba-4c82-8dc2-a5611fea6e1f
a7c53eb1-4f5e-4eba-9764-ad205d0891f9	2021-02-20 07:00:00	baff9783-84e8-4e01-874b-6fd743b875ad
a7c53eb1-4f5e-4eba-9764-ad205d0891f9	2021-02-20 12:00:00	0808344c-454b-4c36-89e8-d7687e692d57
a7c53eb1-4f5e-4eba-9764-ad205d0891f9	2021-02-21 04:00:00	baff9783-84e8-4e01-874b-6fd743b875ad
a7c53eb1-4f5e-4eba-9764-ad205d0891f9	2021-02-21 10:00:00	0808344c-454b-4c36-89e8-d7687e692d57
a7c53eb1-4f5e-4eba-9764-ad205d0891f9	2021-02-21 22:00:00	baff9783-84e8-4e01-874b-6fd743b875ad
a7c53eb1-4f5e-4eba-9764-ad205d0891f9	2021-02-22 04:00:00	03b2d446-e3ba-4c82-8dc2-a5611fea6e1f
a7c53eb1-4f5e-4eba-9764-ad205d0891f9	2021-02-22 05:00:00	0808344c-454b-4c36-89e8-d7687e692d57
a7c53eb1-4f5e-4eba-9764-ad205d0891f9	2021-02-22 11:00:00	baff9783-84e8-4e01-874b-6fd743b875ad
a7c53eb1-4f5e-4eba-9764-ad205d0891f9	2021-02-22 17:00:00	0808344c-454b-4c36-89e8-d7687e692d57
a7c53eb1-4f5e-4eba-9764-ad205d0891f9	2021-02-23 05:00:00	baff9783-84e8-4e01-874b-6fd743b875ad
a7c53eb1-4f5e-4eba-9764-ad205d0891f9	2021-02-23 07:00:00	0808344c-454b-4c36-89e8-d7687e692d57
a7c53eb1-4f5e-4eba-9764-ad205d0891f9	2021-02-23 14:00:00	baff9783-84e8-4e01-874b-6fd743b875ad
a7c53eb1-4f5e-4eba-9764-ad205d0891f9	2021-02-23 17:00:00	03b2d446-e3ba-4c82-8dc2-a5611fea6e1f
a7c53eb1-4f5e-4eba-9764-ad205d0891f9	2021-02-23 21:00:00	0808344c-454b-4c36-89e8-d7687e692d57
a7c53eb1-4f5e-4eba-9764-ad205d0891f9	2021-02-24 06:00:00	baff9783-84e8-4e01-874b-6fd743b875ad
a7c53eb1-4f5e-4eba-9764-ad205d0891f9	2021-02-24 07:00:00	03b2d446-e3ba-4c82-8dc2-a5611fea6e1f
a7c53eb1-4f5e-4eba-9764-ad205d0891f9	2021-02-24 11:00:00	baff9783-84e8-4e01-874b-6fd743b875ad
a7c53eb1-4f5e-4eba-9764-ad205d0891f9	2021-02-24 15:00:00	0808344c-454b-4c36-89e8-d7687e692d57
a7c53eb1-4f5e-4eba-9764-ad205d0891f9	2021-02-24 21:00:00	baff9783-84e8-4e01-874b-6fd743b875ad
a7c53eb1-4f5e-4eba-9764-ad205d0891f9	2021-02-25 03:00:00	0808344c-454b-4c36-89e8-d7687e692d57
a7c53eb1-4f5e-4eba-9764-ad205d0891f9	2021-02-25 15:00:00	baff9783-84e8-4e01-874b-6fd743b875ad
a7c53eb1-4f5e-4eba-9764-ad205d0891f9	2021-02-25 21:00:00	03b2d446-e3ba-4c82-8dc2-a5611fea6e1f
a7c53eb1-4f5e-4eba-9764-ad205d0891f9	2021-02-25 23:00:00	0808344c-454b-4c36-89e8-d7687e692d57
a7c53eb1-4f5e-4eba-9764-ad205d0891f9	2021-02-26 03:00:00	baff9783-84e8-4e01-874b-6fd743b875ad
a7c53eb1-4f5e-4eba-9764-ad205d0891f9	2021-02-26 05:00:00	0808344c-454b-4c36-89e8-d7687e692d57
a7c53eb1-4f5e-4eba-9764-ad205d0891f9	2021-02-26 16:00:00	03b2d446-e3ba-4c82-8dc2-a5611fea6e1f
a7c53eb1-4f5e-4eba-9764-ad205d0891f9	2021-02-26 19:00:00	baff9783-84e8-4e01-874b-6fd743b875ad
a7c53eb1-4f5e-4eba-9764-ad205d0891f9	2021-02-27 01:00:00	0808344c-454b-4c36-89e8-d7687e692d57
a7c53eb1-4f5e-4eba-9764-ad205d0891f9	2021-02-27 17:00:00	baff9783-84e8-4e01-874b-6fd743b875ad
a7c53eb1-4f5e-4eba-9764-ad205d0891f9	2021-02-27 18:00:00	03b2d446-e3ba-4c82-8dc2-a5611fea6e1f
a7c53eb1-4f5e-4eba-9764-ad205d0891f9	2021-02-27 22:00:00	baff9783-84e8-4e01-874b-6fd743b875ad
a7c53eb1-4f5e-4eba-9764-ad205d0891f9	2021-02-28 03:00:00	03b2d446-e3ba-4c82-8dc2-a5611fea6e1f
a7c53eb1-4f5e-4eba-9764-ad205d0891f9	2021-02-28 06:00:00	0808344c-454b-4c36-89e8-d7687e692d57
a7c53eb1-4f5e-4eba-9764-ad205d0891f9	2021-02-28 18:00:00	baff9783-84e8-4e01-874b-6fd743b875ad
a7c53eb1-4f5e-4eba-9764-ad205d0891f9	2021-02-28 20:00:00	0808344c-454b-4c36-89e8-d7687e692d57
1c7e9615-cc1c-4d72-8496-190fe5791c8b	2021-02-01 03:00:00	baff9783-84e8-4e01-874b-6fd743b875ad
1c7e9615-cc1c-4d72-8496-190fe5791c8b	2021-02-01 06:00:00	0808344c-454b-4c36-89e8-d7687e692d57
1c7e9615-cc1c-4d72-8496-190fe5791c8b	2021-02-01 22:00:00	03b2d446-e3ba-4c82-8dc2-a5611fea6e1f
1c7e9615-cc1c-4d72-8496-190fe5791c8b	2021-02-01 23:00:00	baff9783-84e8-4e01-874b-6fd743b875ad
1c7e9615-cc1c-4d72-8496-190fe5791c8b	2021-02-02 01:00:00	03b2d446-e3ba-4c82-8dc2-a5611fea6e1f
1c7e9615-cc1c-4d72-8496-190fe5791c8b	2021-02-02 05:00:00	0808344c-454b-4c36-89e8-d7687e692d57
1c7e9615-cc1c-4d72-8496-190fe5791c8b	2021-02-02 18:00:00	03b2d446-e3ba-4c82-8dc2-a5611fea6e1f
1c7e9615-cc1c-4d72-8496-190fe5791c8b	2021-02-02 21:00:00	0808344c-454b-4c36-89e8-d7687e692d57
1c7e9615-cc1c-4d72-8496-190fe5791c8b	2021-02-03 02:00:00	03b2d446-e3ba-4c82-8dc2-a5611fea6e1f
1c7e9615-cc1c-4d72-8496-190fe5791c8b	2021-02-03 06:00:00	0808344c-454b-4c36-89e8-d7687e692d57
1c7e9615-cc1c-4d72-8496-190fe5791c8b	2021-02-03 17:00:00	baff9783-84e8-4e01-874b-6fd743b875ad
1c7e9615-cc1c-4d72-8496-190fe5791c8b	2021-02-03 18:00:00	0808344c-454b-4c36-89e8-d7687e692d57
1c7e9615-cc1c-4d72-8496-190fe5791c8b	2021-02-04 10:00:00	03b2d446-e3ba-4c82-8dc2-a5611fea6e1f
1c7e9615-cc1c-4d72-8496-190fe5791c8b	2021-02-04 13:00:00	baff9783-84e8-4e01-874b-6fd743b875ad
1c7e9615-cc1c-4d72-8496-190fe5791c8b	2021-02-04 16:00:00	0808344c-454b-4c36-89e8-d7687e692d57
1c7e9615-cc1c-4d72-8496-190fe5791c8b	2021-02-05 02:00:00	baff9783-84e8-4e01-874b-6fd743b875ad
1c7e9615-cc1c-4d72-8496-190fe5791c8b	2021-02-05 06:00:00	03b2d446-e3ba-4c82-8dc2-a5611fea6e1f
1c7e9615-cc1c-4d72-8496-190fe5791c8b	2021-02-05 07:00:00	0808344c-454b-4c36-89e8-d7687e692d57
1c7e9615-cc1c-4d72-8496-190fe5791c8b	2021-02-05 12:00:00	03b2d446-e3ba-4c82-8dc2-a5611fea6e1f
1c7e9615-cc1c-4d72-8496-190fe5791c8b	2021-02-05 16:00:00	0808344c-454b-4c36-89e8-d7687e692d57
1c7e9615-cc1c-4d72-8496-190fe5791c8b	2021-02-05 20:00:00	03b2d446-e3ba-4c82-8dc2-a5611fea6e1f
1c7e9615-cc1c-4d72-8496-190fe5791c8b	2021-02-05 23:00:00	0808344c-454b-4c36-89e8-d7687e692d57
1c7e9615-cc1c-4d72-8496-190fe5791c8b	2021-02-06 08:00:00	baff9783-84e8-4e01-874b-6fd743b875ad
1c7e9615-cc1c-4d72-8496-190fe5791c8b	2021-02-06 12:00:00	03b2d446-e3ba-4c82-8dc2-a5611fea6e1f
1c7e9615-cc1c-4d72-8496-190fe5791c8b	2021-02-06 16:00:00	0808344c-454b-4c36-89e8-d7687e692d57
1c7e9615-cc1c-4d72-8496-190fe5791c8b	2021-02-07 04:00:00	03b2d446-e3ba-4c82-8dc2-a5611fea6e1f
1c7e9615-cc1c-4d72-8496-190fe5791c8b	2021-02-07 08:00:00	0808344c-454b-4c36-89e8-d7687e692d57
1c7e9615-cc1c-4d72-8496-190fe5791c8b	2021-02-08 02:00:00	03b2d446-e3ba-4c82-8dc2-a5611fea6e1f
1c7e9615-cc1c-4d72-8496-190fe5791c8b	2021-02-08 06:00:00	baff9783-84e8-4e01-874b-6fd743b875ad
1c7e9615-cc1c-4d72-8496-190fe5791c8b	2021-02-08 11:00:00	0808344c-454b-4c36-89e8-d7687e692d57
1c7e9615-cc1c-4d72-8496-190fe5791c8b	2021-02-08 16:00:00	03b2d446-e3ba-4c82-8dc2-a5611fea6e1f
1c7e9615-cc1c-4d72-8496-190fe5791c8b	2021-02-08 17:00:00	baff9783-84e8-4e01-874b-6fd743b875ad
1c7e9615-cc1c-4d72-8496-190fe5791c8b	2021-02-08 21:00:00	03b2d446-e3ba-4c82-8dc2-a5611fea6e1f
1c7e9615-cc1c-4d72-8496-190fe5791c8b	2021-02-09 00:00:00	baff9783-84e8-4e01-874b-6fd743b875ad
1c7e9615-cc1c-4d72-8496-190fe5791c8b	2021-02-09 04:00:00	0808344c-454b-4c36-89e8-d7687e692d57
1c7e9615-cc1c-4d72-8496-190fe5791c8b	2021-02-09 09:00:00	baff9783-84e8-4e01-874b-6fd743b875ad
1c7e9615-cc1c-4d72-8496-190fe5791c8b	2021-02-09 14:00:00	0808344c-454b-4c36-89e8-d7687e692d57
1c7e9615-cc1c-4d72-8496-190fe5791c8b	2021-02-10 01:00:00	baff9783-84e8-4e01-874b-6fd743b875ad
1c7e9615-cc1c-4d72-8496-190fe5791c8b	2021-02-10 05:00:00	0808344c-454b-4c36-89e8-d7687e692d57
1c7e9615-cc1c-4d72-8496-190fe5791c8b	2021-02-10 12:00:00	03b2d446-e3ba-4c82-8dc2-a5611fea6e1f
1c7e9615-cc1c-4d72-8496-190fe5791c8b	2021-02-10 14:00:00	baff9783-84e8-4e01-874b-6fd743b875ad
1c7e9615-cc1c-4d72-8496-190fe5791c8b	2021-02-10 16:00:00	0808344c-454b-4c36-89e8-d7687e692d57
1c7e9615-cc1c-4d72-8496-190fe5791c8b	2021-02-11 06:00:00	03b2d446-e3ba-4c82-8dc2-a5611fea6e1f
1c7e9615-cc1c-4d72-8496-190fe5791c8b	2021-02-11 10:00:00	baff9783-84e8-4e01-874b-6fd743b875ad
1c7e9615-cc1c-4d72-8496-190fe5791c8b	2021-02-11 13:00:00	0808344c-454b-4c36-89e8-d7687e692d57
1c7e9615-cc1c-4d72-8496-190fe5791c8b	2021-02-11 19:00:00	03b2d446-e3ba-4c82-8dc2-a5611fea6e1f
1c7e9615-cc1c-4d72-8496-190fe5791c8b	2021-02-11 22:00:00	0808344c-454b-4c36-89e8-d7687e692d57
1c7e9615-cc1c-4d72-8496-190fe5791c8b	2021-02-12 12:00:00	03b2d446-e3ba-4c82-8dc2-a5611fea6e1f
1c7e9615-cc1c-4d72-8496-190fe5791c8b	2021-02-12 16:00:00	baff9783-84e8-4e01-874b-6fd743b875ad
1c7e9615-cc1c-4d72-8496-190fe5791c8b	2021-02-12 18:00:00	0808344c-454b-4c36-89e8-d7687e692d57
1c7e9615-cc1c-4d72-8496-190fe5791c8b	2021-02-13 12:00:00	03b2d446-e3ba-4c82-8dc2-a5611fea6e1f
1c7e9615-cc1c-4d72-8496-190fe5791c8b	2021-02-13 13:00:00	baff9783-84e8-4e01-874b-6fd743b875ad
1c7e9615-cc1c-4d72-8496-190fe5791c8b	2021-02-13 18:00:00	03b2d446-e3ba-4c82-8dc2-a5611fea6e1f
1c7e9615-cc1c-4d72-8496-190fe5791c8b	2021-02-13 19:00:00	0808344c-454b-4c36-89e8-d7687e692d57
1c7e9615-cc1c-4d72-8496-190fe5791c8b	2021-02-14 07:00:00	03b2d446-e3ba-4c82-8dc2-a5611fea6e1f
1c7e9615-cc1c-4d72-8496-190fe5791c8b	2021-02-14 09:00:00	baff9783-84e8-4e01-874b-6fd743b875ad
1c7e9615-cc1c-4d72-8496-190fe5791c8b	2021-02-14 12:00:00	0808344c-454b-4c36-89e8-d7687e692d57
1c7e9615-cc1c-4d72-8496-190fe5791c8b	2021-02-15 05:00:00	baff9783-84e8-4e01-874b-6fd743b875ad
1c7e9615-cc1c-4d72-8496-190fe5791c8b	2021-02-15 10:00:00	03b2d446-e3ba-4c82-8dc2-a5611fea6e1f
1c7e9615-cc1c-4d72-8496-190fe5791c8b	2021-02-15 11:00:00	baff9783-84e8-4e01-874b-6fd743b875ad
1c7e9615-cc1c-4d72-8496-190fe5791c8b	2021-02-15 12:00:00	0808344c-454b-4c36-89e8-d7687e692d57
1c7e9615-cc1c-4d72-8496-190fe5791c8b	2021-02-16 00:00:00	03b2d446-e3ba-4c82-8dc2-a5611fea6e1f
1c7e9615-cc1c-4d72-8496-190fe5791c8b	2021-02-16 03:00:00	0808344c-454b-4c36-89e8-d7687e692d57
1c7e9615-cc1c-4d72-8496-190fe5791c8b	2021-02-16 08:00:00	03b2d446-e3ba-4c82-8dc2-a5611fea6e1f
1c7e9615-cc1c-4d72-8496-190fe5791c8b	2021-02-16 11:00:00	baff9783-84e8-4e01-874b-6fd743b875ad
1c7e9615-cc1c-4d72-8496-190fe5791c8b	2021-02-16 15:00:00	03b2d446-e3ba-4c82-8dc2-a5611fea6e1f
1c7e9615-cc1c-4d72-8496-190fe5791c8b	2021-02-16 17:00:00	0808344c-454b-4c36-89e8-d7687e692d57
1c7e9615-cc1c-4d72-8496-190fe5791c8b	2021-02-17 05:00:00	baff9783-84e8-4e01-874b-6fd743b875ad
1c7e9615-cc1c-4d72-8496-190fe5791c8b	2021-02-17 11:00:00	0808344c-454b-4c36-89e8-d7687e692d57
1c7e9615-cc1c-4d72-8496-190fe5791c8b	2021-02-17 16:00:00	03b2d446-e3ba-4c82-8dc2-a5611fea6e1f
1c7e9615-cc1c-4d72-8496-190fe5791c8b	2021-02-17 17:00:00	0808344c-454b-4c36-89e8-d7687e692d57
1c7e9615-cc1c-4d72-8496-190fe5791c8b	2021-02-18 00:00:00	03b2d446-e3ba-4c82-8dc2-a5611fea6e1f
1c7e9615-cc1c-4d72-8496-190fe5791c8b	2021-02-18 01:00:00	0808344c-454b-4c36-89e8-d7687e692d57
1c7e9615-cc1c-4d72-8496-190fe5791c8b	2021-02-18 07:00:00	03b2d446-e3ba-4c82-8dc2-a5611fea6e1f
1c7e9615-cc1c-4d72-8496-190fe5791c8b	2021-02-18 08:00:00	0808344c-454b-4c36-89e8-d7687e692d57
1c7e9615-cc1c-4d72-8496-190fe5791c8b	2021-02-18 23:00:00	baff9783-84e8-4e01-874b-6fd743b875ad
1c7e9615-cc1c-4d72-8496-190fe5791c8b	2021-02-19 02:00:00	0808344c-454b-4c36-89e8-d7687e692d57
1c7e9615-cc1c-4d72-8496-190fe5791c8b	2021-02-19 18:00:00	baff9783-84e8-4e01-874b-6fd743b875ad
1c7e9615-cc1c-4d72-8496-190fe5791c8b	2021-02-19 20:00:00	03b2d446-e3ba-4c82-8dc2-a5611fea6e1f
1c7e9615-cc1c-4d72-8496-190fe5791c8b	2021-02-19 21:00:00	baff9783-84e8-4e01-874b-6fd743b875ad
1c7e9615-cc1c-4d72-8496-190fe5791c8b	2021-02-20 03:00:00	03b2d446-e3ba-4c82-8dc2-a5611fea6e1f
1c7e9615-cc1c-4d72-8496-190fe5791c8b	2021-02-20 05:00:00	baff9783-84e8-4e01-874b-6fd743b875ad
1c7e9615-cc1c-4d72-8496-190fe5791c8b	2021-02-20 09:00:00	03b2d446-e3ba-4c82-8dc2-a5611fea6e1f
1c7e9615-cc1c-4d72-8496-190fe5791c8b	2021-02-20 13:00:00	baff9783-84e8-4e01-874b-6fd743b875ad
1c7e9615-cc1c-4d72-8496-190fe5791c8b	2021-02-20 14:00:00	03b2d446-e3ba-4c82-8dc2-a5611fea6e1f
1c7e9615-cc1c-4d72-8496-190fe5791c8b	2021-02-20 18:00:00	baff9783-84e8-4e01-874b-6fd743b875ad
1c7e9615-cc1c-4d72-8496-190fe5791c8b	2021-02-20 20:00:00	03b2d446-e3ba-4c82-8dc2-a5611fea6e1f
1c7e9615-cc1c-4d72-8496-190fe5791c8b	2021-02-20 21:00:00	baff9783-84e8-4e01-874b-6fd743b875ad
1c7e9615-cc1c-4d72-8496-190fe5791c8b	2021-02-20 22:00:00	03b2d446-e3ba-4c82-8dc2-a5611fea6e1f
1c7e9615-cc1c-4d72-8496-190fe5791c8b	2021-02-21 02:00:00	baff9783-84e8-4e01-874b-6fd743b875ad
1c7e9615-cc1c-4d72-8496-190fe5791c8b	2021-02-21 08:00:00	0808344c-454b-4c36-89e8-d7687e692d57
1c7e9615-cc1c-4d72-8496-190fe5791c8b	2021-02-21 15:00:00	baff9783-84e8-4e01-874b-6fd743b875ad
1c7e9615-cc1c-4d72-8496-190fe5791c8b	2021-02-21 16:00:00	0808344c-454b-4c36-89e8-d7687e692d57
1c7e9615-cc1c-4d72-8496-190fe5791c8b	2021-02-22 04:00:00	baff9783-84e8-4e01-874b-6fd743b875ad
1c7e9615-cc1c-4d72-8496-190fe5791c8b	2021-02-22 05:00:00	0808344c-454b-4c36-89e8-d7687e692d57
1c7e9615-cc1c-4d72-8496-190fe5791c8b	2021-02-22 11:00:00	baff9783-84e8-4e01-874b-6fd743b875ad
1c7e9615-cc1c-4d72-8496-190fe5791c8b	2021-02-22 12:00:00	0808344c-454b-4c36-89e8-d7687e692d57
1c7e9615-cc1c-4d72-8496-190fe5791c8b	2021-02-22 22:00:00	03b2d446-e3ba-4c82-8dc2-a5611fea6e1f
1c7e9615-cc1c-4d72-8496-190fe5791c8b	2021-02-23 00:00:00	0808344c-454b-4c36-89e8-d7687e692d57
1c7e9615-cc1c-4d72-8496-190fe5791c8b	2021-02-23 18:00:00	baff9783-84e8-4e01-874b-6fd743b875ad
1c7e9615-cc1c-4d72-8496-190fe5791c8b	2021-02-23 22:00:00	0808344c-454b-4c36-89e8-d7687e692d57
1c7e9615-cc1c-4d72-8496-190fe5791c8b	2021-02-24 05:00:00	baff9783-84e8-4e01-874b-6fd743b875ad
1c7e9615-cc1c-4d72-8496-190fe5791c8b	2021-02-24 06:00:00	0808344c-454b-4c36-89e8-d7687e692d57
1c7e9615-cc1c-4d72-8496-190fe5791c8b	2021-02-24 12:00:00	03b2d446-e3ba-4c82-8dc2-a5611fea6e1f
1c7e9615-cc1c-4d72-8496-190fe5791c8b	2021-02-24 14:00:00	0808344c-454b-4c36-89e8-d7687e692d57
1c7e9615-cc1c-4d72-8496-190fe5791c8b	2021-02-25 02:00:00	03b2d446-e3ba-4c82-8dc2-a5611fea6e1f
1c7e9615-cc1c-4d72-8496-190fe5791c8b	2021-02-25 06:00:00	0808344c-454b-4c36-89e8-d7687e692d57
1c7e9615-cc1c-4d72-8496-190fe5791c8b	2021-02-25 12:00:00	03b2d446-e3ba-4c82-8dc2-a5611fea6e1f
1c7e9615-cc1c-4d72-8496-190fe5791c8b	2021-02-25 15:00:00	baff9783-84e8-4e01-874b-6fd743b875ad
1c7e9615-cc1c-4d72-8496-190fe5791c8b	2021-02-25 20:00:00	0808344c-454b-4c36-89e8-d7687e692d57
1c7e9615-cc1c-4d72-8496-190fe5791c8b	2021-02-26 08:00:00	03b2d446-e3ba-4c82-8dc2-a5611fea6e1f
1c7e9615-cc1c-4d72-8496-190fe5791c8b	2021-02-26 12:00:00	0808344c-454b-4c36-89e8-d7687e692d57
1c7e9615-cc1c-4d72-8496-190fe5791c8b	2021-02-27 00:00:00	03b2d446-e3ba-4c82-8dc2-a5611fea6e1f
1c7e9615-cc1c-4d72-8496-190fe5791c8b	2021-02-27 04:00:00	0808344c-454b-4c36-89e8-d7687e692d57
1c7e9615-cc1c-4d72-8496-190fe5791c8b	2021-02-27 09:00:00	baff9783-84e8-4e01-874b-6fd743b875ad
1c7e9615-cc1c-4d72-8496-190fe5791c8b	2021-02-27 15:00:00	03b2d446-e3ba-4c82-8dc2-a5611fea6e1f
1c7e9615-cc1c-4d72-8496-190fe5791c8b	2021-02-27 19:00:00	0808344c-454b-4c36-89e8-d7687e692d57
1c7e9615-cc1c-4d72-8496-190fe5791c8b	2021-02-28 10:00:00	baff9783-84e8-4e01-874b-6fd743b875ad
1c7e9615-cc1c-4d72-8496-190fe5791c8b	2021-02-28 16:00:00	03b2d446-e3ba-4c82-8dc2-a5611fea6e1f
1c7e9615-cc1c-4d72-8496-190fe5791c8b	2021-02-28 18:00:00	0808344c-454b-4c36-89e8-d7687e692d57
2b5796cb-21c1-480e-8886-4498ea593a65	2021-02-01 03:00:00	03b2d446-e3ba-4c82-8dc2-a5611fea6e1f
2b5796cb-21c1-480e-8886-4498ea593a65	2021-02-01 05:00:00	baff9783-84e8-4e01-874b-6fd743b875ad
2b5796cb-21c1-480e-8886-4498ea593a65	2021-02-01 07:00:00	0808344c-454b-4c36-89e8-d7687e692d57
2b5796cb-21c1-480e-8886-4498ea593a65	2021-02-01 15:00:00	03b2d446-e3ba-4c82-8dc2-a5611fea6e1f
2b5796cb-21c1-480e-8886-4498ea593a65	2021-02-01 16:00:00	baff9783-84e8-4e01-874b-6fd743b875ad
2b5796cb-21c1-480e-8886-4498ea593a65	2021-02-01 17:00:00	0808344c-454b-4c36-89e8-d7687e692d57
2b5796cb-21c1-480e-8886-4498ea593a65	2021-02-01 21:00:00	03b2d446-e3ba-4c82-8dc2-a5611fea6e1f
2b5796cb-21c1-480e-8886-4498ea593a65	2021-02-01 23:00:00	baff9783-84e8-4e01-874b-6fd743b875ad
2b5796cb-21c1-480e-8886-4498ea593a65	2021-02-02 02:00:00	0808344c-454b-4c36-89e8-d7687e692d57
2b5796cb-21c1-480e-8886-4498ea593a65	2021-02-02 13:00:00	03b2d446-e3ba-4c82-8dc2-a5611fea6e1f
2b5796cb-21c1-480e-8886-4498ea593a65	2021-02-02 16:00:00	baff9783-84e8-4e01-874b-6fd743b875ad
2b5796cb-21c1-480e-8886-4498ea593a65	2021-02-02 17:00:00	03b2d446-e3ba-4c82-8dc2-a5611fea6e1f
2b5796cb-21c1-480e-8886-4498ea593a65	2021-02-02 19:00:00	baff9783-84e8-4e01-874b-6fd743b875ad
2b5796cb-21c1-480e-8886-4498ea593a65	2021-02-02 21:00:00	03b2d446-e3ba-4c82-8dc2-a5611fea6e1f
2b5796cb-21c1-480e-8886-4498ea593a65	2021-02-03 00:00:00	0808344c-454b-4c36-89e8-d7687e692d57
2b5796cb-21c1-480e-8886-4498ea593a65	2021-02-03 18:00:00	03b2d446-e3ba-4c82-8dc2-a5611fea6e1f
2b5796cb-21c1-480e-8886-4498ea593a65	2021-02-03 20:00:00	0808344c-454b-4c36-89e8-d7687e692d57
2b5796cb-21c1-480e-8886-4498ea593a65	2021-02-04 11:00:00	baff9783-84e8-4e01-874b-6fd743b875ad
2b5796cb-21c1-480e-8886-4498ea593a65	2021-02-04 15:00:00	0808344c-454b-4c36-89e8-d7687e692d57
2b5796cb-21c1-480e-8886-4498ea593a65	2021-02-05 02:00:00	baff9783-84e8-4e01-874b-6fd743b875ad
2b5796cb-21c1-480e-8886-4498ea593a65	2021-02-05 08:00:00	03b2d446-e3ba-4c82-8dc2-a5611fea6e1f
2b5796cb-21c1-480e-8886-4498ea593a65	2021-02-05 09:00:00	baff9783-84e8-4e01-874b-6fd743b875ad
2b5796cb-21c1-480e-8886-4498ea593a65	2021-02-05 13:00:00	03b2d446-e3ba-4c82-8dc2-a5611fea6e1f
2b5796cb-21c1-480e-8886-4498ea593a65	2021-02-05 17:00:00	0808344c-454b-4c36-89e8-d7687e692d57
2b5796cb-21c1-480e-8886-4498ea593a65	2021-02-06 02:00:00	baff9783-84e8-4e01-874b-6fd743b875ad
2b5796cb-21c1-480e-8886-4498ea593a65	2021-02-06 08:00:00	03b2d446-e3ba-4c82-8dc2-a5611fea6e1f
2b5796cb-21c1-480e-8886-4498ea593a65	2021-02-06 09:00:00	baff9783-84e8-4e01-874b-6fd743b875ad
2b5796cb-21c1-480e-8886-4498ea593a65	2021-02-06 11:00:00	0808344c-454b-4c36-89e8-d7687e692d57
2b5796cb-21c1-480e-8886-4498ea593a65	2021-02-06 20:00:00	baff9783-84e8-4e01-874b-6fd743b875ad
2b5796cb-21c1-480e-8886-4498ea593a65	2021-02-06 22:00:00	03b2d446-e3ba-4c82-8dc2-a5611fea6e1f
2b5796cb-21c1-480e-8886-4498ea593a65	2021-02-07 01:00:00	baff9783-84e8-4e01-874b-6fd743b875ad
2b5796cb-21c1-480e-8886-4498ea593a65	2021-02-07 07:00:00	03b2d446-e3ba-4c82-8dc2-a5611fea6e1f
2b5796cb-21c1-480e-8886-4498ea593a65	2021-02-07 11:00:00	0808344c-454b-4c36-89e8-d7687e692d57
2b5796cb-21c1-480e-8886-4498ea593a65	2021-02-07 22:00:00	03b2d446-e3ba-4c82-8dc2-a5611fea6e1f
2b5796cb-21c1-480e-8886-4498ea593a65	2021-02-08 00:00:00	baff9783-84e8-4e01-874b-6fd743b875ad
2b5796cb-21c1-480e-8886-4498ea593a65	2021-02-08 06:00:00	03b2d446-e3ba-4c82-8dc2-a5611fea6e1f
2b5796cb-21c1-480e-8886-4498ea593a65	2021-02-08 09:00:00	0808344c-454b-4c36-89e8-d7687e692d57
2b5796cb-21c1-480e-8886-4498ea593a65	2021-02-09 01:00:00	03b2d446-e3ba-4c82-8dc2-a5611fea6e1f
2b5796cb-21c1-480e-8886-4498ea593a65	2021-02-09 03:00:00	0808344c-454b-4c36-89e8-d7687e692d57
2b5796cb-21c1-480e-8886-4498ea593a65	2021-02-09 19:00:00	03b2d446-e3ba-4c82-8dc2-a5611fea6e1f
2b5796cb-21c1-480e-8886-4498ea593a65	2021-02-09 20:00:00	0808344c-454b-4c36-89e8-d7687e692d57
2b5796cb-21c1-480e-8886-4498ea593a65	2021-02-10 14:00:00	03b2d446-e3ba-4c82-8dc2-a5611fea6e1f
2b5796cb-21c1-480e-8886-4498ea593a65	2021-02-10 15:00:00	baff9783-84e8-4e01-874b-6fd743b875ad
2b5796cb-21c1-480e-8886-4498ea593a65	2021-02-10 21:00:00	0808344c-454b-4c36-89e8-d7687e692d57
2b5796cb-21c1-480e-8886-4498ea593a65	2021-02-11 07:00:00	baff9783-84e8-4e01-874b-6fd743b875ad
2b5796cb-21c1-480e-8886-4498ea593a65	2021-02-11 11:00:00	03b2d446-e3ba-4c82-8dc2-a5611fea6e1f
2b5796cb-21c1-480e-8886-4498ea593a65	2021-02-11 14:00:00	baff9783-84e8-4e01-874b-6fd743b875ad
2b5796cb-21c1-480e-8886-4498ea593a65	2021-02-11 20:00:00	0808344c-454b-4c36-89e8-d7687e692d57
2b5796cb-21c1-480e-8886-4498ea593a65	2021-02-12 08:00:00	03b2d446-e3ba-4c82-8dc2-a5611fea6e1f
2b5796cb-21c1-480e-8886-4498ea593a65	2021-02-12 09:00:00	0808344c-454b-4c36-89e8-d7687e692d57
2b5796cb-21c1-480e-8886-4498ea593a65	2021-02-13 03:00:00	baff9783-84e8-4e01-874b-6fd743b875ad
2b5796cb-21c1-480e-8886-4498ea593a65	2021-02-13 07:00:00	0808344c-454b-4c36-89e8-d7687e692d57
2b5796cb-21c1-480e-8886-4498ea593a65	2021-02-13 13:00:00	baff9783-84e8-4e01-874b-6fd743b875ad
2b5796cb-21c1-480e-8886-4498ea593a65	2021-02-13 16:00:00	03b2d446-e3ba-4c82-8dc2-a5611fea6e1f
2b5796cb-21c1-480e-8886-4498ea593a65	2021-02-13 19:00:00	baff9783-84e8-4e01-874b-6fd743b875ad
2b5796cb-21c1-480e-8886-4498ea593a65	2021-02-13 22:00:00	03b2d446-e3ba-4c82-8dc2-a5611fea6e1f
2b5796cb-21c1-480e-8886-4498ea593a65	2021-02-14 00:00:00	0808344c-454b-4c36-89e8-d7687e692d57
2b5796cb-21c1-480e-8886-4498ea593a65	2021-02-14 18:00:00	baff9783-84e8-4e01-874b-6fd743b875ad
2b5796cb-21c1-480e-8886-4498ea593a65	2021-02-14 23:00:00	0808344c-454b-4c36-89e8-d7687e692d57
2b5796cb-21c1-480e-8886-4498ea593a65	2021-02-15 13:00:00	baff9783-84e8-4e01-874b-6fd743b875ad
2b5796cb-21c1-480e-8886-4498ea593a65	2021-02-15 19:00:00	03b2d446-e3ba-4c82-8dc2-a5611fea6e1f
2b5796cb-21c1-480e-8886-4498ea593a65	2021-02-15 20:00:00	baff9783-84e8-4e01-874b-6fd743b875ad
2b5796cb-21c1-480e-8886-4498ea593a65	2021-02-15 23:00:00	03b2d446-e3ba-4c82-8dc2-a5611fea6e1f
2b5796cb-21c1-480e-8886-4498ea593a65	2021-02-16 00:00:00	0808344c-454b-4c36-89e8-d7687e692d57
2b5796cb-21c1-480e-8886-4498ea593a65	2021-02-16 14:00:00	baff9783-84e8-4e01-874b-6fd743b875ad
2b5796cb-21c1-480e-8886-4498ea593a65	2021-02-16 16:00:00	0808344c-454b-4c36-89e8-d7687e692d57
2b5796cb-21c1-480e-8886-4498ea593a65	2021-02-17 05:00:00	baff9783-84e8-4e01-874b-6fd743b875ad
2b5796cb-21c1-480e-8886-4498ea593a65	2021-02-17 11:00:00	03b2d446-e3ba-4c82-8dc2-a5611fea6e1f
2b5796cb-21c1-480e-8886-4498ea593a65	2021-02-17 14:00:00	0808344c-454b-4c36-89e8-d7687e692d57
2b5796cb-21c1-480e-8886-4498ea593a65	2021-02-18 04:00:00	baff9783-84e8-4e01-874b-6fd743b875ad
2b5796cb-21c1-480e-8886-4498ea593a65	2021-02-18 06:00:00	0808344c-454b-4c36-89e8-d7687e692d57
2b5796cb-21c1-480e-8886-4498ea593a65	2021-02-18 14:00:00	baff9783-84e8-4e01-874b-6fd743b875ad
2b5796cb-21c1-480e-8886-4498ea593a65	2021-02-18 18:00:00	0808344c-454b-4c36-89e8-d7687e692d57
2b5796cb-21c1-480e-8886-4498ea593a65	2021-02-19 05:00:00	baff9783-84e8-4e01-874b-6fd743b875ad
2b5796cb-21c1-480e-8886-4498ea593a65	2021-02-19 06:00:00	0808344c-454b-4c36-89e8-d7687e692d57
2b5796cb-21c1-480e-8886-4498ea593a65	2021-02-19 15:00:00	baff9783-84e8-4e01-874b-6fd743b875ad
2b5796cb-21c1-480e-8886-4498ea593a65	2021-02-19 21:00:00	03b2d446-e3ba-4c82-8dc2-a5611fea6e1f
2b5796cb-21c1-480e-8886-4498ea593a65	2021-02-19 22:00:00	baff9783-84e8-4e01-874b-6fd743b875ad
2b5796cb-21c1-480e-8886-4498ea593a65	2021-02-20 02:00:00	0808344c-454b-4c36-89e8-d7687e692d57
2b5796cb-21c1-480e-8886-4498ea593a65	2021-02-20 11:00:00	03b2d446-e3ba-4c82-8dc2-a5611fea6e1f
2b5796cb-21c1-480e-8886-4498ea593a65	2021-02-20 13:00:00	0808344c-454b-4c36-89e8-d7687e692d57
2b5796cb-21c1-480e-8886-4498ea593a65	2021-02-21 06:00:00	03b2d446-e3ba-4c82-8dc2-a5611fea6e1f
2b5796cb-21c1-480e-8886-4498ea593a65	2021-02-21 09:00:00	baff9783-84e8-4e01-874b-6fd743b875ad
2b5796cb-21c1-480e-8886-4498ea593a65	2021-02-21 14:00:00	0808344c-454b-4c36-89e8-d7687e692d57
2b5796cb-21c1-480e-8886-4498ea593a65	2021-02-21 19:00:00	03b2d446-e3ba-4c82-8dc2-a5611fea6e1f
2b5796cb-21c1-480e-8886-4498ea593a65	2021-02-21 22:00:00	baff9783-84e8-4e01-874b-6fd743b875ad
2b5796cb-21c1-480e-8886-4498ea593a65	2021-02-22 03:00:00	0808344c-454b-4c36-89e8-d7687e692d57
2b5796cb-21c1-480e-8886-4498ea593a65	2021-02-22 12:00:00	03b2d446-e3ba-4c82-8dc2-a5611fea6e1f
2b5796cb-21c1-480e-8886-4498ea593a65	2021-02-22 13:00:00	0808344c-454b-4c36-89e8-d7687e692d57
2b5796cb-21c1-480e-8886-4498ea593a65	2021-02-22 22:00:00	baff9783-84e8-4e01-874b-6fd743b875ad
2b5796cb-21c1-480e-8886-4498ea593a65	2021-02-22 23:00:00	0808344c-454b-4c36-89e8-d7687e692d57
2b5796cb-21c1-480e-8886-4498ea593a65	2021-02-23 09:00:00	baff9783-84e8-4e01-874b-6fd743b875ad
2b5796cb-21c1-480e-8886-4498ea593a65	2021-02-23 15:00:00	03b2d446-e3ba-4c82-8dc2-a5611fea6e1f
2b5796cb-21c1-480e-8886-4498ea593a65	2021-02-23 16:00:00	0808344c-454b-4c36-89e8-d7687e692d57
2b5796cb-21c1-480e-8886-4498ea593a65	2021-02-24 08:00:00	baff9783-84e8-4e01-874b-6fd743b875ad
2b5796cb-21c1-480e-8886-4498ea593a65	2021-02-24 11:00:00	03b2d446-e3ba-4c82-8dc2-a5611fea6e1f
2b5796cb-21c1-480e-8886-4498ea593a65	2021-02-24 14:00:00	0808344c-454b-4c36-89e8-d7687e692d57
2b5796cb-21c1-480e-8886-4498ea593a65	2021-02-24 23:00:00	03b2d446-e3ba-4c82-8dc2-a5611fea6e1f
2b5796cb-21c1-480e-8886-4498ea593a65	2021-02-25 00:00:00	baff9783-84e8-4e01-874b-6fd743b875ad
2b5796cb-21c1-480e-8886-4498ea593a65	2021-02-25 03:00:00	03b2d446-e3ba-4c82-8dc2-a5611fea6e1f
2b5796cb-21c1-480e-8886-4498ea593a65	2021-02-25 06:00:00	0808344c-454b-4c36-89e8-d7687e692d57
2b5796cb-21c1-480e-8886-4498ea593a65	2021-02-25 15:00:00	03b2d446-e3ba-4c82-8dc2-a5611fea6e1f
2b5796cb-21c1-480e-8886-4498ea593a65	2021-02-25 17:00:00	0808344c-454b-4c36-89e8-d7687e692d57
2b5796cb-21c1-480e-8886-4498ea593a65	2021-02-26 00:00:00	baff9783-84e8-4e01-874b-6fd743b875ad
2b5796cb-21c1-480e-8886-4498ea593a65	2021-02-26 05:00:00	0808344c-454b-4c36-89e8-d7687e692d57
2b5796cb-21c1-480e-8886-4498ea593a65	2021-02-26 17:00:00	baff9783-84e8-4e01-874b-6fd743b875ad
2b5796cb-21c1-480e-8886-4498ea593a65	2021-02-26 18:00:00	03b2d446-e3ba-4c82-8dc2-a5611fea6e1f
2b5796cb-21c1-480e-8886-4498ea593a65	2021-02-26 20:00:00	baff9783-84e8-4e01-874b-6fd743b875ad
2b5796cb-21c1-480e-8886-4498ea593a65	2021-02-27 02:00:00	0808344c-454b-4c36-89e8-d7687e692d57
2b5796cb-21c1-480e-8886-4498ea593a65	2021-02-27 17:00:00	03b2d446-e3ba-4c82-8dc2-a5611fea6e1f
2b5796cb-21c1-480e-8886-4498ea593a65	2021-02-27 21:00:00	baff9783-84e8-4e01-874b-6fd743b875ad
2b5796cb-21c1-480e-8886-4498ea593a65	2021-02-28 02:00:00	03b2d446-e3ba-4c82-8dc2-a5611fea6e1f
2b5796cb-21c1-480e-8886-4498ea593a65	2021-02-28 05:00:00	baff9783-84e8-4e01-874b-6fd743b875ad
2b5796cb-21c1-480e-8886-4498ea593a65	2021-02-28 11:00:00	03b2d446-e3ba-4c82-8dc2-a5611fea6e1f
2b5796cb-21c1-480e-8886-4498ea593a65	2021-02-28 14:00:00	baff9783-84e8-4e01-874b-6fd743b875ad
2b5796cb-21c1-480e-8886-4498ea593a65	2021-02-28 20:00:00	0808344c-454b-4c36-89e8-d7687e692d57
1d222cdc-01dd-4caa-8934-5351d3995cfb	2021-02-01 03:00:00	baff9783-84e8-4e01-874b-6fd743b875ad
1d222cdc-01dd-4caa-8934-5351d3995cfb	2021-02-01 09:00:00	03b2d446-e3ba-4c82-8dc2-a5611fea6e1f
1d222cdc-01dd-4caa-8934-5351d3995cfb	2021-02-01 13:00:00	baff9783-84e8-4e01-874b-6fd743b875ad
1d222cdc-01dd-4caa-8934-5351d3995cfb	2021-02-01 16:00:00	0808344c-454b-4c36-89e8-d7687e692d57
1d222cdc-01dd-4caa-8934-5351d3995cfb	2021-02-01 21:00:00	03b2d446-e3ba-4c82-8dc2-a5611fea6e1f
1d222cdc-01dd-4caa-8934-5351d3995cfb	2021-02-02 01:00:00	0808344c-454b-4c36-89e8-d7687e692d57
1d222cdc-01dd-4caa-8934-5351d3995cfb	2021-02-02 13:00:00	baff9783-84e8-4e01-874b-6fd743b875ad
1d222cdc-01dd-4caa-8934-5351d3995cfb	2021-02-02 15:00:00	03b2d446-e3ba-4c82-8dc2-a5611fea6e1f
1d222cdc-01dd-4caa-8934-5351d3995cfb	2021-02-02 18:00:00	baff9783-84e8-4e01-874b-6fd743b875ad
1d222cdc-01dd-4caa-8934-5351d3995cfb	2021-02-02 22:00:00	03b2d446-e3ba-4c82-8dc2-a5611fea6e1f
1d222cdc-01dd-4caa-8934-5351d3995cfb	2021-02-03 01:00:00	0808344c-454b-4c36-89e8-d7687e692d57
1d222cdc-01dd-4caa-8934-5351d3995cfb	2021-02-03 19:00:00	03b2d446-e3ba-4c82-8dc2-a5611fea6e1f
1d222cdc-01dd-4caa-8934-5351d3995cfb	2021-02-03 22:00:00	baff9783-84e8-4e01-874b-6fd743b875ad
1d222cdc-01dd-4caa-8934-5351d3995cfb	2021-02-04 03:00:00	0808344c-454b-4c36-89e8-d7687e692d57
1d222cdc-01dd-4caa-8934-5351d3995cfb	2021-02-04 11:00:00	03b2d446-e3ba-4c82-8dc2-a5611fea6e1f
1d222cdc-01dd-4caa-8934-5351d3995cfb	2021-02-04 15:00:00	0808344c-454b-4c36-89e8-d7687e692d57
1d222cdc-01dd-4caa-8934-5351d3995cfb	2021-02-05 04:00:00	03b2d446-e3ba-4c82-8dc2-a5611fea6e1f
1d222cdc-01dd-4caa-8934-5351d3995cfb	2021-02-05 06:00:00	baff9783-84e8-4e01-874b-6fd743b875ad
1d222cdc-01dd-4caa-8934-5351d3995cfb	2021-02-05 07:00:00	0808344c-454b-4c36-89e8-d7687e692d57
1d222cdc-01dd-4caa-8934-5351d3995cfb	2021-02-05 13:00:00	baff9783-84e8-4e01-874b-6fd743b875ad
1d222cdc-01dd-4caa-8934-5351d3995cfb	2021-02-05 15:00:00	03b2d446-e3ba-4c82-8dc2-a5611fea6e1f
1d222cdc-01dd-4caa-8934-5351d3995cfb	2021-02-05 18:00:00	0808344c-454b-4c36-89e8-d7687e692d57
1d222cdc-01dd-4caa-8934-5351d3995cfb	2021-02-06 05:00:00	03b2d446-e3ba-4c82-8dc2-a5611fea6e1f
1d222cdc-01dd-4caa-8934-5351d3995cfb	2021-02-06 08:00:00	baff9783-84e8-4e01-874b-6fd743b875ad
1d222cdc-01dd-4caa-8934-5351d3995cfb	2021-02-06 11:00:00	0808344c-454b-4c36-89e8-d7687e692d57
1d222cdc-01dd-4caa-8934-5351d3995cfb	2021-02-06 19:00:00	baff9783-84e8-4e01-874b-6fd743b875ad
1d222cdc-01dd-4caa-8934-5351d3995cfb	2021-02-06 21:00:00	0808344c-454b-4c36-89e8-d7687e692d57
1d222cdc-01dd-4caa-8934-5351d3995cfb	2021-02-07 05:00:00	03b2d446-e3ba-4c82-8dc2-a5611fea6e1f
1d222cdc-01dd-4caa-8934-5351d3995cfb	2021-02-07 07:00:00	baff9783-84e8-4e01-874b-6fd743b875ad
1d222cdc-01dd-4caa-8934-5351d3995cfb	2021-02-07 10:00:00	0808344c-454b-4c36-89e8-d7687e692d57
1d222cdc-01dd-4caa-8934-5351d3995cfb	2021-02-08 01:00:00	03b2d446-e3ba-4c82-8dc2-a5611fea6e1f
1d222cdc-01dd-4caa-8934-5351d3995cfb	2021-02-08 02:00:00	baff9783-84e8-4e01-874b-6fd743b875ad
1d222cdc-01dd-4caa-8934-5351d3995cfb	2021-02-08 03:00:00	0808344c-454b-4c36-89e8-d7687e692d57
1d222cdc-01dd-4caa-8934-5351d3995cfb	2021-02-08 17:00:00	03b2d446-e3ba-4c82-8dc2-a5611fea6e1f
1d222cdc-01dd-4caa-8934-5351d3995cfb	2021-02-08 18:00:00	0808344c-454b-4c36-89e8-d7687e692d57
1d222cdc-01dd-4caa-8934-5351d3995cfb	2021-02-09 12:00:00	baff9783-84e8-4e01-874b-6fd743b875ad
1d222cdc-01dd-4caa-8934-5351d3995cfb	2021-02-09 18:00:00	03b2d446-e3ba-4c82-8dc2-a5611fea6e1f
1d222cdc-01dd-4caa-8934-5351d3995cfb	2021-02-09 22:00:00	0808344c-454b-4c36-89e8-d7687e692d57
1d222cdc-01dd-4caa-8934-5351d3995cfb	2021-02-10 03:00:00	baff9783-84e8-4e01-874b-6fd743b875ad
1d222cdc-01dd-4caa-8934-5351d3995cfb	2021-02-10 07:00:00	03b2d446-e3ba-4c82-8dc2-a5611fea6e1f
1d222cdc-01dd-4caa-8934-5351d3995cfb	2021-02-10 10:00:00	0808344c-454b-4c36-89e8-d7687e692d57
1d222cdc-01dd-4caa-8934-5351d3995cfb	2021-02-11 00:00:00	baff9783-84e8-4e01-874b-6fd743b875ad
1d222cdc-01dd-4caa-8934-5351d3995cfb	2021-02-11 05:00:00	03b2d446-e3ba-4c82-8dc2-a5611fea6e1f
1d222cdc-01dd-4caa-8934-5351d3995cfb	2021-02-11 07:00:00	0808344c-454b-4c36-89e8-d7687e692d57
1d222cdc-01dd-4caa-8934-5351d3995cfb	2021-02-11 13:00:00	baff9783-84e8-4e01-874b-6fd743b875ad
1d222cdc-01dd-4caa-8934-5351d3995cfb	2021-02-11 15:00:00	0808344c-454b-4c36-89e8-d7687e692d57
1d222cdc-01dd-4caa-8934-5351d3995cfb	2021-02-12 00:00:00	03b2d446-e3ba-4c82-8dc2-a5611fea6e1f
1d222cdc-01dd-4caa-8934-5351d3995cfb	2021-02-12 03:00:00	0808344c-454b-4c36-89e8-d7687e692d57
1d222cdc-01dd-4caa-8934-5351d3995cfb	2021-02-12 07:00:00	03b2d446-e3ba-4c82-8dc2-a5611fea6e1f
1d222cdc-01dd-4caa-8934-5351d3995cfb	2021-02-12 08:00:00	baff9783-84e8-4e01-874b-6fd743b875ad
1d222cdc-01dd-4caa-8934-5351d3995cfb	2021-02-12 11:00:00	0808344c-454b-4c36-89e8-d7687e692d57
1d222cdc-01dd-4caa-8934-5351d3995cfb	2021-02-12 17:00:00	baff9783-84e8-4e01-874b-6fd743b875ad
1d222cdc-01dd-4caa-8934-5351d3995cfb	2021-02-12 19:00:00	03b2d446-e3ba-4c82-8dc2-a5611fea6e1f
1d222cdc-01dd-4caa-8934-5351d3995cfb	2021-02-12 20:00:00	baff9783-84e8-4e01-874b-6fd743b875ad
1d222cdc-01dd-4caa-8934-5351d3995cfb	2021-02-13 02:00:00	0808344c-454b-4c36-89e8-d7687e692d57
1d222cdc-01dd-4caa-8934-5351d3995cfb	2021-02-13 20:00:00	baff9783-84e8-4e01-874b-6fd743b875ad
1d222cdc-01dd-4caa-8934-5351d3995cfb	2021-02-14 02:00:00	0808344c-454b-4c36-89e8-d7687e692d57
1d222cdc-01dd-4caa-8934-5351d3995cfb	2021-02-14 14:00:00	03b2d446-e3ba-4c82-8dc2-a5611fea6e1f
1d222cdc-01dd-4caa-8934-5351d3995cfb	2021-02-14 16:00:00	0808344c-454b-4c36-89e8-d7687e692d57
1d222cdc-01dd-4caa-8934-5351d3995cfb	2021-02-14 21:00:00	baff9783-84e8-4e01-874b-6fd743b875ad
1d222cdc-01dd-4caa-8934-5351d3995cfb	2021-02-15 01:00:00	03b2d446-e3ba-4c82-8dc2-a5611fea6e1f
1d222cdc-01dd-4caa-8934-5351d3995cfb	2021-02-15 05:00:00	baff9783-84e8-4e01-874b-6fd743b875ad
1d222cdc-01dd-4caa-8934-5351d3995cfb	2021-02-15 08:00:00	03b2d446-e3ba-4c82-8dc2-a5611fea6e1f
1d222cdc-01dd-4caa-8934-5351d3995cfb	2021-02-15 10:00:00	0808344c-454b-4c36-89e8-d7687e692d57
1d222cdc-01dd-4caa-8934-5351d3995cfb	2021-02-15 18:00:00	03b2d446-e3ba-4c82-8dc2-a5611fea6e1f
1d222cdc-01dd-4caa-8934-5351d3995cfb	2021-02-15 21:00:00	baff9783-84e8-4e01-874b-6fd743b875ad
1d222cdc-01dd-4caa-8934-5351d3995cfb	2021-02-16 02:00:00	03b2d446-e3ba-4c82-8dc2-a5611fea6e1f
1d222cdc-01dd-4caa-8934-5351d3995cfb	2021-02-16 05:00:00	0808344c-454b-4c36-89e8-d7687e692d57
1d222cdc-01dd-4caa-8934-5351d3995cfb	2021-02-16 12:00:00	03b2d446-e3ba-4c82-8dc2-a5611fea6e1f
1d222cdc-01dd-4caa-8934-5351d3995cfb	2021-02-16 15:00:00	0808344c-454b-4c36-89e8-d7687e692d57
1d222cdc-01dd-4caa-8934-5351d3995cfb	2021-02-17 07:00:00	03b2d446-e3ba-4c82-8dc2-a5611fea6e1f
1d222cdc-01dd-4caa-8934-5351d3995cfb	2021-02-17 10:00:00	0808344c-454b-4c36-89e8-d7687e692d57
1d222cdc-01dd-4caa-8934-5351d3995cfb	2021-02-17 22:00:00	baff9783-84e8-4e01-874b-6fd743b875ad
1d222cdc-01dd-4caa-8934-5351d3995cfb	2021-02-18 02:00:00	0808344c-454b-4c36-89e8-d7687e692d57
1d222cdc-01dd-4caa-8934-5351d3995cfb	2021-02-18 14:00:00	baff9783-84e8-4e01-874b-6fd743b875ad
1d222cdc-01dd-4caa-8934-5351d3995cfb	2021-02-18 20:00:00	03b2d446-e3ba-4c82-8dc2-a5611fea6e1f
1d222cdc-01dd-4caa-8934-5351d3995cfb	2021-02-18 23:00:00	baff9783-84e8-4e01-874b-6fd743b875ad
1d222cdc-01dd-4caa-8934-5351d3995cfb	2021-02-19 05:00:00	0808344c-454b-4c36-89e8-d7687e692d57
1d222cdc-01dd-4caa-8934-5351d3995cfb	2021-02-19 21:00:00	03b2d446-e3ba-4c82-8dc2-a5611fea6e1f
1d222cdc-01dd-4caa-8934-5351d3995cfb	2021-02-19 23:00:00	0808344c-454b-4c36-89e8-d7687e692d57
1d222cdc-01dd-4caa-8934-5351d3995cfb	2021-02-20 14:00:00	baff9783-84e8-4e01-874b-6fd743b875ad
1d222cdc-01dd-4caa-8934-5351d3995cfb	2021-02-20 17:00:00	03b2d446-e3ba-4c82-8dc2-a5611fea6e1f
1d222cdc-01dd-4caa-8934-5351d3995cfb	2021-02-20 18:00:00	baff9783-84e8-4e01-874b-6fd743b875ad
1d222cdc-01dd-4caa-8934-5351d3995cfb	2021-02-20 20:00:00	03b2d446-e3ba-4c82-8dc2-a5611fea6e1f
1d222cdc-01dd-4caa-8934-5351d3995cfb	2021-02-20 22:00:00	baff9783-84e8-4e01-874b-6fd743b875ad
1d222cdc-01dd-4caa-8934-5351d3995cfb	2021-02-21 03:00:00	0808344c-454b-4c36-89e8-d7687e692d57
1d222cdc-01dd-4caa-8934-5351d3995cfb	2021-02-21 13:00:00	03b2d446-e3ba-4c82-8dc2-a5611fea6e1f
1d222cdc-01dd-4caa-8934-5351d3995cfb	2021-02-21 15:00:00	0808344c-454b-4c36-89e8-d7687e692d57
1d222cdc-01dd-4caa-8934-5351d3995cfb	2021-02-21 21:00:00	03b2d446-e3ba-4c82-8dc2-a5611fea6e1f
1d222cdc-01dd-4caa-8934-5351d3995cfb	2021-02-21 23:00:00	0808344c-454b-4c36-89e8-d7687e692d57
1d222cdc-01dd-4caa-8934-5351d3995cfb	2021-02-22 04:00:00	03b2d446-e3ba-4c82-8dc2-a5611fea6e1f
1d222cdc-01dd-4caa-8934-5351d3995cfb	2021-02-22 06:00:00	baff9783-84e8-4e01-874b-6fd743b875ad
1d222cdc-01dd-4caa-8934-5351d3995cfb	2021-02-22 10:00:00	03b2d446-e3ba-4c82-8dc2-a5611fea6e1f
1d222cdc-01dd-4caa-8934-5351d3995cfb	2021-02-22 12:00:00	baff9783-84e8-4e01-874b-6fd743b875ad
1d222cdc-01dd-4caa-8934-5351d3995cfb	2021-02-22 17:00:00	03b2d446-e3ba-4c82-8dc2-a5611fea6e1f
1d222cdc-01dd-4caa-8934-5351d3995cfb	2021-02-22 20:00:00	0808344c-454b-4c36-89e8-d7687e692d57
1d222cdc-01dd-4caa-8934-5351d3995cfb	2021-02-23 09:00:00	03b2d446-e3ba-4c82-8dc2-a5611fea6e1f
1d222cdc-01dd-4caa-8934-5351d3995cfb	2021-02-23 12:00:00	0808344c-454b-4c36-89e8-d7687e692d57
1d222cdc-01dd-4caa-8934-5351d3995cfb	2021-02-23 19:00:00	baff9783-84e8-4e01-874b-6fd743b875ad
1d222cdc-01dd-4caa-8934-5351d3995cfb	2021-02-23 23:00:00	0808344c-454b-4c36-89e8-d7687e692d57
1d222cdc-01dd-4caa-8934-5351d3995cfb	2021-02-24 11:00:00	03b2d446-e3ba-4c82-8dc2-a5611fea6e1f
1d222cdc-01dd-4caa-8934-5351d3995cfb	2021-02-24 15:00:00	baff9783-84e8-4e01-874b-6fd743b875ad
1d222cdc-01dd-4caa-8934-5351d3995cfb	2021-02-24 21:00:00	03b2d446-e3ba-4c82-8dc2-a5611fea6e1f
1d222cdc-01dd-4caa-8934-5351d3995cfb	2021-02-25 01:00:00	baff9783-84e8-4e01-874b-6fd743b875ad
1d222cdc-01dd-4caa-8934-5351d3995cfb	2021-02-25 02:00:00	03b2d446-e3ba-4c82-8dc2-a5611fea6e1f
1d222cdc-01dd-4caa-8934-5351d3995cfb	2021-02-25 04:00:00	0808344c-454b-4c36-89e8-d7687e692d57
1d222cdc-01dd-4caa-8934-5351d3995cfb	2021-02-25 11:00:00	03b2d446-e3ba-4c82-8dc2-a5611fea6e1f
1d222cdc-01dd-4caa-8934-5351d3995cfb	2021-02-25 12:00:00	baff9783-84e8-4e01-874b-6fd743b875ad
1d222cdc-01dd-4caa-8934-5351d3995cfb	2021-02-25 16:00:00	03b2d446-e3ba-4c82-8dc2-a5611fea6e1f
1d222cdc-01dd-4caa-8934-5351d3995cfb	2021-02-25 20:00:00	0808344c-454b-4c36-89e8-d7687e692d57
1d222cdc-01dd-4caa-8934-5351d3995cfb	2021-02-26 10:00:00	baff9783-84e8-4e01-874b-6fd743b875ad
1d222cdc-01dd-4caa-8934-5351d3995cfb	2021-02-26 13:00:00	0808344c-454b-4c36-89e8-d7687e692d57
1d222cdc-01dd-4caa-8934-5351d3995cfb	2021-02-27 01:00:00	03b2d446-e3ba-4c82-8dc2-a5611fea6e1f
1d222cdc-01dd-4caa-8934-5351d3995cfb	2021-02-27 04:00:00	baff9783-84e8-4e01-874b-6fd743b875ad
1d222cdc-01dd-4caa-8934-5351d3995cfb	2021-02-27 06:00:00	03b2d446-e3ba-4c82-8dc2-a5611fea6e1f
1d222cdc-01dd-4caa-8934-5351d3995cfb	2021-02-27 08:00:00	baff9783-84e8-4e01-874b-6fd743b875ad
1d222cdc-01dd-4caa-8934-5351d3995cfb	2021-02-27 12:00:00	0808344c-454b-4c36-89e8-d7687e692d57
1d222cdc-01dd-4caa-8934-5351d3995cfb	2021-02-27 19:00:00	03b2d446-e3ba-4c82-8dc2-a5611fea6e1f
1d222cdc-01dd-4caa-8934-5351d3995cfb	2021-02-27 23:00:00	baff9783-84e8-4e01-874b-6fd743b875ad
1d222cdc-01dd-4caa-8934-5351d3995cfb	2021-02-28 05:00:00	03b2d446-e3ba-4c82-8dc2-a5611fea6e1f
1d222cdc-01dd-4caa-8934-5351d3995cfb	2021-02-28 06:00:00	baff9783-84e8-4e01-874b-6fd743b875ad
1d222cdc-01dd-4caa-8934-5351d3995cfb	2021-02-28 11:00:00	0808344c-454b-4c36-89e8-d7687e692d57
1d222cdc-01dd-4caa-8934-5351d3995cfb	2021-02-28 15:00:00	03b2d446-e3ba-4c82-8dc2-a5611fea6e1f
1d222cdc-01dd-4caa-8934-5351d3995cfb	2021-02-28 18:00:00	0808344c-454b-4c36-89e8-d7687e692d57
491b983b-950c-4a88-942d-487e99b92540	2021-02-01 03:00:00	baff9783-84e8-4e01-874b-6fd743b875ad
491b983b-950c-4a88-942d-487e99b92540	2021-02-01 07:00:00	0808344c-454b-4c36-89e8-d7687e692d57
491b983b-950c-4a88-942d-487e99b92540	2021-02-01 14:00:00	03b2d446-e3ba-4c82-8dc2-a5611fea6e1f
491b983b-950c-4a88-942d-487e99b92540	2021-02-01 15:00:00	0808344c-454b-4c36-89e8-d7687e692d57
491b983b-950c-4a88-942d-487e99b92540	2021-02-01 19:00:00	03b2d446-e3ba-4c82-8dc2-a5611fea6e1f
491b983b-950c-4a88-942d-487e99b92540	2021-02-01 21:00:00	baff9783-84e8-4e01-874b-6fd743b875ad
491b983b-950c-4a88-942d-487e99b92540	2021-02-02 01:00:00	03b2d446-e3ba-4c82-8dc2-a5611fea6e1f
491b983b-950c-4a88-942d-487e99b92540	2021-02-02 02:00:00	baff9783-84e8-4e01-874b-6fd743b875ad
491b983b-950c-4a88-942d-487e99b92540	2021-02-02 05:00:00	0808344c-454b-4c36-89e8-d7687e692d57
491b983b-950c-4a88-942d-487e99b92540	2021-02-02 18:00:00	03b2d446-e3ba-4c82-8dc2-a5611fea6e1f
491b983b-950c-4a88-942d-487e99b92540	2021-02-02 21:00:00	baff9783-84e8-4e01-874b-6fd743b875ad
491b983b-950c-4a88-942d-487e99b92540	2021-02-02 23:00:00	0808344c-454b-4c36-89e8-d7687e692d57
491b983b-950c-4a88-942d-487e99b92540	2021-02-03 07:00:00	baff9783-84e8-4e01-874b-6fd743b875ad
491b983b-950c-4a88-942d-487e99b92540	2021-02-03 09:00:00	0808344c-454b-4c36-89e8-d7687e692d57
491b983b-950c-4a88-942d-487e99b92540	2021-02-04 03:00:00	baff9783-84e8-4e01-874b-6fd743b875ad
491b983b-950c-4a88-942d-487e99b92540	2021-02-04 04:00:00	03b2d446-e3ba-4c82-8dc2-a5611fea6e1f
491b983b-950c-4a88-942d-487e99b92540	2021-02-04 08:00:00	0808344c-454b-4c36-89e8-d7687e692d57
491b983b-950c-4a88-942d-487e99b92540	2021-02-04 20:00:00	baff9783-84e8-4e01-874b-6fd743b875ad
491b983b-950c-4a88-942d-487e99b92540	2021-02-04 22:00:00	03b2d446-e3ba-4c82-8dc2-a5611fea6e1f
491b983b-950c-4a88-942d-487e99b92540	2021-02-05 01:00:00	0808344c-454b-4c36-89e8-d7687e692d57
491b983b-950c-4a88-942d-487e99b92540	2021-02-05 17:00:00	03b2d446-e3ba-4c82-8dc2-a5611fea6e1f
491b983b-950c-4a88-942d-487e99b92540	2021-02-05 21:00:00	0808344c-454b-4c36-89e8-d7687e692d57
491b983b-950c-4a88-942d-487e99b92540	2021-02-06 04:00:00	baff9783-84e8-4e01-874b-6fd743b875ad
491b983b-950c-4a88-942d-487e99b92540	2021-02-06 07:00:00	03b2d446-e3ba-4c82-8dc2-a5611fea6e1f
491b983b-950c-4a88-942d-487e99b92540	2021-02-06 10:00:00	0808344c-454b-4c36-89e8-d7687e692d57
491b983b-950c-4a88-942d-487e99b92540	2021-02-06 18:00:00	baff9783-84e8-4e01-874b-6fd743b875ad
491b983b-950c-4a88-942d-487e99b92540	2021-02-06 23:00:00	0808344c-454b-4c36-89e8-d7687e692d57
491b983b-950c-4a88-942d-487e99b92540	2021-02-07 04:00:00	03b2d446-e3ba-4c82-8dc2-a5611fea6e1f
491b983b-950c-4a88-942d-487e99b92540	2021-02-07 07:00:00	baff9783-84e8-4e01-874b-6fd743b875ad
491b983b-950c-4a88-942d-487e99b92540	2021-02-07 10:00:00	03b2d446-e3ba-4c82-8dc2-a5611fea6e1f
491b983b-950c-4a88-942d-487e99b92540	2021-02-07 12:00:00	baff9783-84e8-4e01-874b-6fd743b875ad
491b983b-950c-4a88-942d-487e99b92540	2021-02-07 17:00:00	0808344c-454b-4c36-89e8-d7687e692d57
491b983b-950c-4a88-942d-487e99b92540	2021-02-08 08:00:00	baff9783-84e8-4e01-874b-6fd743b875ad
491b983b-950c-4a88-942d-487e99b92540	2021-02-08 14:00:00	0808344c-454b-4c36-89e8-d7687e692d57
491b983b-950c-4a88-942d-487e99b92540	2021-02-08 23:00:00	03b2d446-e3ba-4c82-8dc2-a5611fea6e1f
491b983b-950c-4a88-942d-487e99b92540	2021-02-09 02:00:00	baff9783-84e8-4e01-874b-6fd743b875ad
491b983b-950c-4a88-942d-487e99b92540	2021-02-09 07:00:00	03b2d446-e3ba-4c82-8dc2-a5611fea6e1f
491b983b-950c-4a88-942d-487e99b92540	2021-02-09 08:00:00	baff9783-84e8-4e01-874b-6fd743b875ad
491b983b-950c-4a88-942d-487e99b92540	2021-02-09 14:00:00	0808344c-454b-4c36-89e8-d7687e692d57
491b983b-950c-4a88-942d-487e99b92540	2021-02-10 04:00:00	baff9783-84e8-4e01-874b-6fd743b875ad
491b983b-950c-4a88-942d-487e99b92540	2021-02-10 10:00:00	03b2d446-e3ba-4c82-8dc2-a5611fea6e1f
491b983b-950c-4a88-942d-487e99b92540	2021-02-10 14:00:00	0808344c-454b-4c36-89e8-d7687e692d57
491b983b-950c-4a88-942d-487e99b92540	2021-02-11 01:00:00	03b2d446-e3ba-4c82-8dc2-a5611fea6e1f
491b983b-950c-4a88-942d-487e99b92540	2021-02-11 04:00:00	0808344c-454b-4c36-89e8-d7687e692d57
491b983b-950c-4a88-942d-487e99b92540	2021-02-11 15:00:00	03b2d446-e3ba-4c82-8dc2-a5611fea6e1f
491b983b-950c-4a88-942d-487e99b92540	2021-02-11 18:00:00	0808344c-454b-4c36-89e8-d7687e692d57
491b983b-950c-4a88-942d-487e99b92540	2021-02-12 12:00:00	03b2d446-e3ba-4c82-8dc2-a5611fea6e1f
491b983b-950c-4a88-942d-487e99b92540	2021-02-12 14:00:00	0808344c-454b-4c36-89e8-d7687e692d57
491b983b-950c-4a88-942d-487e99b92540	2021-02-13 04:00:00	03b2d446-e3ba-4c82-8dc2-a5611fea6e1f
491b983b-950c-4a88-942d-487e99b92540	2021-02-13 05:00:00	0808344c-454b-4c36-89e8-d7687e692d57
491b983b-950c-4a88-942d-487e99b92540	2021-02-13 13:00:00	baff9783-84e8-4e01-874b-6fd743b875ad
491b983b-950c-4a88-942d-487e99b92540	2021-02-13 16:00:00	0808344c-454b-4c36-89e8-d7687e692d57
491b983b-950c-4a88-942d-487e99b92540	2021-02-13 21:00:00	baff9783-84e8-4e01-874b-6fd743b875ad
491b983b-950c-4a88-942d-487e99b92540	2021-02-14 00:00:00	03b2d446-e3ba-4c82-8dc2-a5611fea6e1f
491b983b-950c-4a88-942d-487e99b92540	2021-02-14 04:00:00	baff9783-84e8-4e01-874b-6fd743b875ad
491b983b-950c-4a88-942d-487e99b92540	2021-02-14 09:00:00	0808344c-454b-4c36-89e8-d7687e692d57
491b983b-950c-4a88-942d-487e99b92540	2021-02-15 03:00:00	baff9783-84e8-4e01-874b-6fd743b875ad
491b983b-950c-4a88-942d-487e99b92540	2021-02-15 05:00:00	03b2d446-e3ba-4c82-8dc2-a5611fea6e1f
491b983b-950c-4a88-942d-487e99b92540	2021-02-15 07:00:00	baff9783-84e8-4e01-874b-6fd743b875ad
491b983b-950c-4a88-942d-487e99b92540	2021-02-15 11:00:00	0808344c-454b-4c36-89e8-d7687e692d57
491b983b-950c-4a88-942d-487e99b92540	2021-02-15 22:00:00	03b2d446-e3ba-4c82-8dc2-a5611fea6e1f
491b983b-950c-4a88-942d-487e99b92540	2021-02-15 23:00:00	0808344c-454b-4c36-89e8-d7687e692d57
491b983b-950c-4a88-942d-487e99b92540	2021-02-16 11:00:00	03b2d446-e3ba-4c82-8dc2-a5611fea6e1f
491b983b-950c-4a88-942d-487e99b92540	2021-02-16 14:00:00	baff9783-84e8-4e01-874b-6fd743b875ad
491b983b-950c-4a88-942d-487e99b92540	2021-02-16 17:00:00	03b2d446-e3ba-4c82-8dc2-a5611fea6e1f
491b983b-950c-4a88-942d-487e99b92540	2021-02-16 20:00:00	0808344c-454b-4c36-89e8-d7687e692d57
491b983b-950c-4a88-942d-487e99b92540	2021-02-17 07:00:00	baff9783-84e8-4e01-874b-6fd743b875ad
491b983b-950c-4a88-942d-487e99b92540	2021-02-17 10:00:00	0808344c-454b-4c36-89e8-d7687e692d57
491b983b-950c-4a88-942d-487e99b92540	2021-02-17 19:00:00	03b2d446-e3ba-4c82-8dc2-a5611fea6e1f
491b983b-950c-4a88-942d-487e99b92540	2021-02-17 21:00:00	baff9783-84e8-4e01-874b-6fd743b875ad
491b983b-950c-4a88-942d-487e99b92540	2021-02-17 23:00:00	0808344c-454b-4c36-89e8-d7687e692d57
491b983b-950c-4a88-942d-487e99b92540	2021-02-18 12:00:00	baff9783-84e8-4e01-874b-6fd743b875ad
491b983b-950c-4a88-942d-487e99b92540	2021-02-18 18:00:00	0808344c-454b-4c36-89e8-d7687e692d57
491b983b-950c-4a88-942d-487e99b92540	2021-02-19 11:00:00	03b2d446-e3ba-4c82-8dc2-a5611fea6e1f
491b983b-950c-4a88-942d-487e99b92540	2021-02-19 15:00:00	baff9783-84e8-4e01-874b-6fd743b875ad
491b983b-950c-4a88-942d-487e99b92540	2021-02-19 20:00:00	03b2d446-e3ba-4c82-8dc2-a5611fea6e1f
491b983b-950c-4a88-942d-487e99b92540	2021-02-19 21:00:00	0808344c-454b-4c36-89e8-d7687e692d57
491b983b-950c-4a88-942d-487e99b92540	2021-02-20 12:00:00	baff9783-84e8-4e01-874b-6fd743b875ad
491b983b-950c-4a88-942d-487e99b92540	2021-02-20 16:00:00	0808344c-454b-4c36-89e8-d7687e692d57
491b983b-950c-4a88-942d-487e99b92540	2021-02-20 20:00:00	03b2d446-e3ba-4c82-8dc2-a5611fea6e1f
491b983b-950c-4a88-942d-487e99b92540	2021-02-20 23:00:00	0808344c-454b-4c36-89e8-d7687e692d57
491b983b-950c-4a88-942d-487e99b92540	2021-02-21 09:00:00	03b2d446-e3ba-4c82-8dc2-a5611fea6e1f
491b983b-950c-4a88-942d-487e99b92540	2021-02-21 10:00:00	0808344c-454b-4c36-89e8-d7687e692d57
491b983b-950c-4a88-942d-487e99b92540	2021-02-21 16:00:00	03b2d446-e3ba-4c82-8dc2-a5611fea6e1f
491b983b-950c-4a88-942d-487e99b92540	2021-02-21 19:00:00	0808344c-454b-4c36-89e8-d7687e692d57
491b983b-950c-4a88-942d-487e99b92540	2021-02-22 09:00:00	03b2d446-e3ba-4c82-8dc2-a5611fea6e1f
491b983b-950c-4a88-942d-487e99b92540	2021-02-22 10:00:00	0808344c-454b-4c36-89e8-d7687e692d57
491b983b-950c-4a88-942d-487e99b92540	2021-02-23 02:00:00	baff9783-84e8-4e01-874b-6fd743b875ad
491b983b-950c-4a88-942d-487e99b92540	2021-02-23 04:00:00	0808344c-454b-4c36-89e8-d7687e692d57
491b983b-950c-4a88-942d-487e99b92540	2021-02-23 08:00:00	baff9783-84e8-4e01-874b-6fd743b875ad
491b983b-950c-4a88-942d-487e99b92540	2021-02-23 12:00:00	03b2d446-e3ba-4c82-8dc2-a5611fea6e1f
491b983b-950c-4a88-942d-487e99b92540	2021-02-23 13:00:00	0808344c-454b-4c36-89e8-d7687e692d57
491b983b-950c-4a88-942d-487e99b92540	2021-02-23 19:00:00	baff9783-84e8-4e01-874b-6fd743b875ad
491b983b-950c-4a88-942d-487e99b92540	2021-02-23 22:00:00	03b2d446-e3ba-4c82-8dc2-a5611fea6e1f
491b983b-950c-4a88-942d-487e99b92540	2021-02-24 02:00:00	0808344c-454b-4c36-89e8-d7687e692d57
491b983b-950c-4a88-942d-487e99b92540	2021-02-24 10:00:00	03b2d446-e3ba-4c82-8dc2-a5611fea6e1f
491b983b-950c-4a88-942d-487e99b92540	2021-02-24 14:00:00	baff9783-84e8-4e01-874b-6fd743b875ad
491b983b-950c-4a88-942d-487e99b92540	2021-02-24 17:00:00	03b2d446-e3ba-4c82-8dc2-a5611fea6e1f
491b983b-950c-4a88-942d-487e99b92540	2021-02-24 19:00:00	baff9783-84e8-4e01-874b-6fd743b875ad
491b983b-950c-4a88-942d-487e99b92540	2021-02-25 00:00:00	0808344c-454b-4c36-89e8-d7687e692d57
491b983b-950c-4a88-942d-487e99b92540	2021-02-25 13:00:00	03b2d446-e3ba-4c82-8dc2-a5611fea6e1f
491b983b-950c-4a88-942d-487e99b92540	2021-02-25 15:00:00	baff9783-84e8-4e01-874b-6fd743b875ad
491b983b-950c-4a88-942d-487e99b92540	2021-02-25 20:00:00	03b2d446-e3ba-4c82-8dc2-a5611fea6e1f
491b983b-950c-4a88-942d-487e99b92540	2021-02-25 21:00:00	0808344c-454b-4c36-89e8-d7687e692d57
491b983b-950c-4a88-942d-487e99b92540	2021-02-26 05:00:00	03b2d446-e3ba-4c82-8dc2-a5611fea6e1f
491b983b-950c-4a88-942d-487e99b92540	2021-02-26 09:00:00	baff9783-84e8-4e01-874b-6fd743b875ad
491b983b-950c-4a88-942d-487e99b92540	2021-02-26 13:00:00	0808344c-454b-4c36-89e8-d7687e692d57
491b983b-950c-4a88-942d-487e99b92540	2021-02-26 18:00:00	baff9783-84e8-4e01-874b-6fd743b875ad
491b983b-950c-4a88-942d-487e99b92540	2021-02-26 22:00:00	0808344c-454b-4c36-89e8-d7687e692d57
491b983b-950c-4a88-942d-487e99b92540	2021-02-27 02:00:00	03b2d446-e3ba-4c82-8dc2-a5611fea6e1f
491b983b-950c-4a88-942d-487e99b92540	2021-02-27 04:00:00	baff9783-84e8-4e01-874b-6fd743b875ad
491b983b-950c-4a88-942d-487e99b92540	2021-02-27 06:00:00	03b2d446-e3ba-4c82-8dc2-a5611fea6e1f
491b983b-950c-4a88-942d-487e99b92540	2021-02-27 09:00:00	0808344c-454b-4c36-89e8-d7687e692d57
491b983b-950c-4a88-942d-487e99b92540	2021-02-27 22:00:00	03b2d446-e3ba-4c82-8dc2-a5611fea6e1f
491b983b-950c-4a88-942d-487e99b92540	2021-02-27 23:00:00	baff9783-84e8-4e01-874b-6fd743b875ad
491b983b-950c-4a88-942d-487e99b92540	2021-02-28 01:00:00	03b2d446-e3ba-4c82-8dc2-a5611fea6e1f
491b983b-950c-4a88-942d-487e99b92540	2021-02-28 05:00:00	0808344c-454b-4c36-89e8-d7687e692d57
491b983b-950c-4a88-942d-487e99b92540	2021-02-28 12:00:00	03b2d446-e3ba-4c82-8dc2-a5611fea6e1f
491b983b-950c-4a88-942d-487e99b92540	2021-02-28 14:00:00	0808344c-454b-4c36-89e8-d7687e692d57
491b983b-950c-4a88-942d-487e99b92540	2021-02-28 22:00:00	baff9783-84e8-4e01-874b-6fd743b875ad
491b983b-950c-4a88-942d-487e99b92540	2021-03-01 01:00:00	03b2d446-e3ba-4c82-8dc2-a5611fea6e1f
39317fcb-79e7-4e7e-83dc-723a9b63633c	2021-02-01 03:00:00	baff9783-84e8-4e01-874b-6fd743b875ad
39317fcb-79e7-4e7e-83dc-723a9b63633c	2021-02-01 07:00:00	0808344c-454b-4c36-89e8-d7687e692d57
39317fcb-79e7-4e7e-83dc-723a9b63633c	2021-02-01 12:00:00	03b2d446-e3ba-4c82-8dc2-a5611fea6e1f
39317fcb-79e7-4e7e-83dc-723a9b63633c	2021-02-01 14:00:00	baff9783-84e8-4e01-874b-6fd743b875ad
39317fcb-79e7-4e7e-83dc-723a9b63633c	2021-02-01 15:00:00	03b2d446-e3ba-4c82-8dc2-a5611fea6e1f
39317fcb-79e7-4e7e-83dc-723a9b63633c	2021-02-01 19:00:00	baff9783-84e8-4e01-874b-6fd743b875ad
39317fcb-79e7-4e7e-83dc-723a9b63633c	2021-02-01 23:00:00	03b2d446-e3ba-4c82-8dc2-a5611fea6e1f
39317fcb-79e7-4e7e-83dc-723a9b63633c	2021-02-02 01:00:00	0808344c-454b-4c36-89e8-d7687e692d57
39317fcb-79e7-4e7e-83dc-723a9b63633c	2021-02-02 14:00:00	baff9783-84e8-4e01-874b-6fd743b875ad
39317fcb-79e7-4e7e-83dc-723a9b63633c	2021-02-02 19:00:00	0808344c-454b-4c36-89e8-d7687e692d57
39317fcb-79e7-4e7e-83dc-723a9b63633c	2021-02-03 09:00:00	03b2d446-e3ba-4c82-8dc2-a5611fea6e1f
39317fcb-79e7-4e7e-83dc-723a9b63633c	2021-02-03 11:00:00	baff9783-84e8-4e01-874b-6fd743b875ad
39317fcb-79e7-4e7e-83dc-723a9b63633c	2021-02-03 12:00:00	0808344c-454b-4c36-89e8-d7687e692d57
39317fcb-79e7-4e7e-83dc-723a9b63633c	2021-02-04 00:00:00	baff9783-84e8-4e01-874b-6fd743b875ad
39317fcb-79e7-4e7e-83dc-723a9b63633c	2021-02-04 04:00:00	0808344c-454b-4c36-89e8-d7687e692d57
39317fcb-79e7-4e7e-83dc-723a9b63633c	2021-02-04 18:00:00	03b2d446-e3ba-4c82-8dc2-a5611fea6e1f
39317fcb-79e7-4e7e-83dc-723a9b63633c	2021-02-04 19:00:00	0808344c-454b-4c36-89e8-d7687e692d57
39317fcb-79e7-4e7e-83dc-723a9b63633c	2021-02-04 23:00:00	03b2d446-e3ba-4c82-8dc2-a5611fea6e1f
39317fcb-79e7-4e7e-83dc-723a9b63633c	2021-02-05 02:00:00	0808344c-454b-4c36-89e8-d7687e692d57
39317fcb-79e7-4e7e-83dc-723a9b63633c	2021-02-05 16:00:00	03b2d446-e3ba-4c82-8dc2-a5611fea6e1f
39317fcb-79e7-4e7e-83dc-723a9b63633c	2021-02-05 19:00:00	0808344c-454b-4c36-89e8-d7687e692d57
39317fcb-79e7-4e7e-83dc-723a9b63633c	2021-02-06 03:00:00	03b2d446-e3ba-4c82-8dc2-a5611fea6e1f
39317fcb-79e7-4e7e-83dc-723a9b63633c	2021-02-06 07:00:00	0808344c-454b-4c36-89e8-d7687e692d57
39317fcb-79e7-4e7e-83dc-723a9b63633c	2021-02-06 16:00:00	baff9783-84e8-4e01-874b-6fd743b875ad
39317fcb-79e7-4e7e-83dc-723a9b63633c	2021-02-06 19:00:00	0808344c-454b-4c36-89e8-d7687e692d57
39317fcb-79e7-4e7e-83dc-723a9b63633c	2021-02-07 06:00:00	baff9783-84e8-4e01-874b-6fd743b875ad
39317fcb-79e7-4e7e-83dc-723a9b63633c	2021-02-07 09:00:00	0808344c-454b-4c36-89e8-d7687e692d57
39317fcb-79e7-4e7e-83dc-723a9b63633c	2021-02-07 20:00:00	03b2d446-e3ba-4c82-8dc2-a5611fea6e1f
39317fcb-79e7-4e7e-83dc-723a9b63633c	2021-02-07 23:00:00	baff9783-84e8-4e01-874b-6fd743b875ad
39317fcb-79e7-4e7e-83dc-723a9b63633c	2021-02-08 05:00:00	03b2d446-e3ba-4c82-8dc2-a5611fea6e1f
39317fcb-79e7-4e7e-83dc-723a9b63633c	2021-02-08 07:00:00	baff9783-84e8-4e01-874b-6fd743b875ad
39317fcb-79e7-4e7e-83dc-723a9b63633c	2021-02-08 08:00:00	0808344c-454b-4c36-89e8-d7687e692d57
39317fcb-79e7-4e7e-83dc-723a9b63633c	2021-02-08 23:00:00	03b2d446-e3ba-4c82-8dc2-a5611fea6e1f
39317fcb-79e7-4e7e-83dc-723a9b63633c	2021-02-09 02:00:00	0808344c-454b-4c36-89e8-d7687e692d57
39317fcb-79e7-4e7e-83dc-723a9b63633c	2021-02-09 18:00:00	03b2d446-e3ba-4c82-8dc2-a5611fea6e1f
39317fcb-79e7-4e7e-83dc-723a9b63633c	2021-02-09 20:00:00	0808344c-454b-4c36-89e8-d7687e692d57
39317fcb-79e7-4e7e-83dc-723a9b63633c	2021-02-10 08:00:00	03b2d446-e3ba-4c82-8dc2-a5611fea6e1f
39317fcb-79e7-4e7e-83dc-723a9b63633c	2021-02-10 12:00:00	baff9783-84e8-4e01-874b-6fd743b875ad
39317fcb-79e7-4e7e-83dc-723a9b63633c	2021-02-10 14:00:00	0808344c-454b-4c36-89e8-d7687e692d57
39317fcb-79e7-4e7e-83dc-723a9b63633c	2021-02-10 18:00:00	03b2d446-e3ba-4c82-8dc2-a5611fea6e1f
39317fcb-79e7-4e7e-83dc-723a9b63633c	2021-02-10 21:00:00	baff9783-84e8-4e01-874b-6fd743b875ad
39317fcb-79e7-4e7e-83dc-723a9b63633c	2021-02-11 00:00:00	0808344c-454b-4c36-89e8-d7687e692d57
39317fcb-79e7-4e7e-83dc-723a9b63633c	2021-02-11 10:00:00	03b2d446-e3ba-4c82-8dc2-a5611fea6e1f
39317fcb-79e7-4e7e-83dc-723a9b63633c	2021-02-11 11:00:00	baff9783-84e8-4e01-874b-6fd743b875ad
39317fcb-79e7-4e7e-83dc-723a9b63633c	2021-02-11 13:00:00	03b2d446-e3ba-4c82-8dc2-a5611fea6e1f
39317fcb-79e7-4e7e-83dc-723a9b63633c	2021-02-11 16:00:00	0808344c-454b-4c36-89e8-d7687e692d57
39317fcb-79e7-4e7e-83dc-723a9b63633c	2021-02-12 09:00:00	03b2d446-e3ba-4c82-8dc2-a5611fea6e1f
39317fcb-79e7-4e7e-83dc-723a9b63633c	2021-02-12 12:00:00	0808344c-454b-4c36-89e8-d7687e692d57
39317fcb-79e7-4e7e-83dc-723a9b63633c	2021-02-12 22:00:00	baff9783-84e8-4e01-874b-6fd743b875ad
39317fcb-79e7-4e7e-83dc-723a9b63633c	2021-02-13 04:00:00	0808344c-454b-4c36-89e8-d7687e692d57
39317fcb-79e7-4e7e-83dc-723a9b63633c	2021-02-13 18:00:00	baff9783-84e8-4e01-874b-6fd743b875ad
39317fcb-79e7-4e7e-83dc-723a9b63633c	2021-02-13 19:00:00	0808344c-454b-4c36-89e8-d7687e692d57
39317fcb-79e7-4e7e-83dc-723a9b63633c	2021-02-14 01:00:00	03b2d446-e3ba-4c82-8dc2-a5611fea6e1f
39317fcb-79e7-4e7e-83dc-723a9b63633c	2021-02-14 02:00:00	baff9783-84e8-4e01-874b-6fd743b875ad
39317fcb-79e7-4e7e-83dc-723a9b63633c	2021-02-14 08:00:00	0808344c-454b-4c36-89e8-d7687e692d57
39317fcb-79e7-4e7e-83dc-723a9b63633c	2021-02-14 20:00:00	03b2d446-e3ba-4c82-8dc2-a5611fea6e1f
39317fcb-79e7-4e7e-83dc-723a9b63633c	2021-02-15 00:00:00	baff9783-84e8-4e01-874b-6fd743b875ad
39317fcb-79e7-4e7e-83dc-723a9b63633c	2021-02-15 04:00:00	03b2d446-e3ba-4c82-8dc2-a5611fea6e1f
39317fcb-79e7-4e7e-83dc-723a9b63633c	2021-02-15 06:00:00	baff9783-84e8-4e01-874b-6fd743b875ad
39317fcb-79e7-4e7e-83dc-723a9b63633c	2021-02-15 08:00:00	03b2d446-e3ba-4c82-8dc2-a5611fea6e1f
39317fcb-79e7-4e7e-83dc-723a9b63633c	2021-02-15 09:00:00	0808344c-454b-4c36-89e8-d7687e692d57
39317fcb-79e7-4e7e-83dc-723a9b63633c	2021-02-16 02:00:00	baff9783-84e8-4e01-874b-6fd743b875ad
39317fcb-79e7-4e7e-83dc-723a9b63633c	2021-02-16 07:00:00	0808344c-454b-4c36-89e8-d7687e692d57
39317fcb-79e7-4e7e-83dc-723a9b63633c	2021-02-16 23:00:00	baff9783-84e8-4e01-874b-6fd743b875ad
39317fcb-79e7-4e7e-83dc-723a9b63633c	2021-02-17 00:00:00	0808344c-454b-4c36-89e8-d7687e692d57
39317fcb-79e7-4e7e-83dc-723a9b63633c	2021-02-17 04:00:00	baff9783-84e8-4e01-874b-6fd743b875ad
39317fcb-79e7-4e7e-83dc-723a9b63633c	2021-02-17 05:00:00	0808344c-454b-4c36-89e8-d7687e692d57
39317fcb-79e7-4e7e-83dc-723a9b63633c	2021-02-17 13:00:00	baff9783-84e8-4e01-874b-6fd743b875ad
39317fcb-79e7-4e7e-83dc-723a9b63633c	2021-02-17 19:00:00	0808344c-454b-4c36-89e8-d7687e692d57
39317fcb-79e7-4e7e-83dc-723a9b63633c	2021-02-18 12:00:00	baff9783-84e8-4e01-874b-6fd743b875ad
39317fcb-79e7-4e7e-83dc-723a9b63633c	2021-02-18 17:00:00	03b2d446-e3ba-4c82-8dc2-a5611fea6e1f
39317fcb-79e7-4e7e-83dc-723a9b63633c	2021-02-18 19:00:00	0808344c-454b-4c36-89e8-d7687e692d57
39317fcb-79e7-4e7e-83dc-723a9b63633c	2021-02-19 04:00:00	03b2d446-e3ba-4c82-8dc2-a5611fea6e1f
39317fcb-79e7-4e7e-83dc-723a9b63633c	2021-02-19 07:00:00	baff9783-84e8-4e01-874b-6fd743b875ad
39317fcb-79e7-4e7e-83dc-723a9b63633c	2021-02-19 09:00:00	03b2d446-e3ba-4c82-8dc2-a5611fea6e1f
39317fcb-79e7-4e7e-83dc-723a9b63633c	2021-02-19 13:00:00	0808344c-454b-4c36-89e8-d7687e692d57
39317fcb-79e7-4e7e-83dc-723a9b63633c	2021-02-19 18:00:00	03b2d446-e3ba-4c82-8dc2-a5611fea6e1f
39317fcb-79e7-4e7e-83dc-723a9b63633c	2021-02-19 22:00:00	0808344c-454b-4c36-89e8-d7687e692d57
39317fcb-79e7-4e7e-83dc-723a9b63633c	2021-02-20 04:00:00	03b2d446-e3ba-4c82-8dc2-a5611fea6e1f
39317fcb-79e7-4e7e-83dc-723a9b63633c	2021-02-20 05:00:00	0808344c-454b-4c36-89e8-d7687e692d57
39317fcb-79e7-4e7e-83dc-723a9b63633c	2021-02-20 15:00:00	03b2d446-e3ba-4c82-8dc2-a5611fea6e1f
39317fcb-79e7-4e7e-83dc-723a9b63633c	2021-02-20 18:00:00	0808344c-454b-4c36-89e8-d7687e692d57
39317fcb-79e7-4e7e-83dc-723a9b63633c	2021-02-21 11:00:00	03b2d446-e3ba-4c82-8dc2-a5611fea6e1f
39317fcb-79e7-4e7e-83dc-723a9b63633c	2021-02-21 13:00:00	0808344c-454b-4c36-89e8-d7687e692d57
39317fcb-79e7-4e7e-83dc-723a9b63633c	2021-02-21 19:00:00	baff9783-84e8-4e01-874b-6fd743b875ad
39317fcb-79e7-4e7e-83dc-723a9b63633c	2021-02-22 01:00:00	03b2d446-e3ba-4c82-8dc2-a5611fea6e1f
39317fcb-79e7-4e7e-83dc-723a9b63633c	2021-02-22 05:00:00	baff9783-84e8-4e01-874b-6fd743b875ad
39317fcb-79e7-4e7e-83dc-723a9b63633c	2021-02-22 09:00:00	0808344c-454b-4c36-89e8-d7687e692d57
39317fcb-79e7-4e7e-83dc-723a9b63633c	2021-02-22 14:00:00	03b2d446-e3ba-4c82-8dc2-a5611fea6e1f
39317fcb-79e7-4e7e-83dc-723a9b63633c	2021-02-22 15:00:00	baff9783-84e8-4e01-874b-6fd743b875ad
39317fcb-79e7-4e7e-83dc-723a9b63633c	2021-02-22 18:00:00	03b2d446-e3ba-4c82-8dc2-a5611fea6e1f
39317fcb-79e7-4e7e-83dc-723a9b63633c	2021-02-22 20:00:00	0808344c-454b-4c36-89e8-d7687e692d57
39317fcb-79e7-4e7e-83dc-723a9b63633c	2021-02-23 12:00:00	baff9783-84e8-4e01-874b-6fd743b875ad
39317fcb-79e7-4e7e-83dc-723a9b63633c	2021-02-23 14:00:00	0808344c-454b-4c36-89e8-d7687e692d57
39317fcb-79e7-4e7e-83dc-723a9b63633c	2021-02-24 07:00:00	baff9783-84e8-4e01-874b-6fd743b875ad
39317fcb-79e7-4e7e-83dc-723a9b63633c	2021-02-24 11:00:00	0808344c-454b-4c36-89e8-d7687e692d57
39317fcb-79e7-4e7e-83dc-723a9b63633c	2021-02-24 19:00:00	baff9783-84e8-4e01-874b-6fd743b875ad
39317fcb-79e7-4e7e-83dc-723a9b63633c	2021-02-24 20:00:00	0808344c-454b-4c36-89e8-d7687e692d57
39317fcb-79e7-4e7e-83dc-723a9b63633c	2021-02-25 04:00:00	03b2d446-e3ba-4c82-8dc2-a5611fea6e1f
39317fcb-79e7-4e7e-83dc-723a9b63633c	2021-02-25 07:00:00	baff9783-84e8-4e01-874b-6fd743b875ad
39317fcb-79e7-4e7e-83dc-723a9b63633c	2021-02-25 11:00:00	0808344c-454b-4c36-89e8-d7687e692d57
39317fcb-79e7-4e7e-83dc-723a9b63633c	2021-02-26 05:00:00	baff9783-84e8-4e01-874b-6fd743b875ad
39317fcb-79e7-4e7e-83dc-723a9b63633c	2021-02-26 06:00:00	03b2d446-e3ba-4c82-8dc2-a5611fea6e1f
39317fcb-79e7-4e7e-83dc-723a9b63633c	2021-02-26 09:00:00	0808344c-454b-4c36-89e8-d7687e692d57
39317fcb-79e7-4e7e-83dc-723a9b63633c	2021-02-26 21:00:00	03b2d446-e3ba-4c82-8dc2-a5611fea6e1f
39317fcb-79e7-4e7e-83dc-723a9b63633c	2021-02-27 00:00:00	baff9783-84e8-4e01-874b-6fd743b875ad
39317fcb-79e7-4e7e-83dc-723a9b63633c	2021-02-27 05:00:00	03b2d446-e3ba-4c82-8dc2-a5611fea6e1f
39317fcb-79e7-4e7e-83dc-723a9b63633c	2021-02-27 06:00:00	baff9783-84e8-4e01-874b-6fd743b875ad
39317fcb-79e7-4e7e-83dc-723a9b63633c	2021-02-27 11:00:00	03b2d446-e3ba-4c82-8dc2-a5611fea6e1f
39317fcb-79e7-4e7e-83dc-723a9b63633c	2021-02-27 13:00:00	baff9783-84e8-4e01-874b-6fd743b875ad
39317fcb-79e7-4e7e-83dc-723a9b63633c	2021-02-27 18:00:00	0808344c-454b-4c36-89e8-d7687e692d57
39317fcb-79e7-4e7e-83dc-723a9b63633c	2021-02-28 06:00:00	03b2d446-e3ba-4c82-8dc2-a5611fea6e1f
39317fcb-79e7-4e7e-83dc-723a9b63633c	2021-02-28 10:00:00	0808344c-454b-4c36-89e8-d7687e692d57
39317fcb-79e7-4e7e-83dc-723a9b63633c	2021-02-28 21:00:00	03b2d446-e3ba-4c82-8dc2-a5611fea6e1f
39317fcb-79e7-4e7e-83dc-723a9b63633c	2021-03-01 00:00:00	0808344c-454b-4c36-89e8-d7687e692d57
c79ef1de-92f3-4edd-bd55-553056640449	2021-02-01 03:00:00	baff9783-84e8-4e01-874b-6fd743b875ad
c79ef1de-92f3-4edd-bd55-553056640449	2021-02-01 08:00:00	03b2d446-e3ba-4c82-8dc2-a5611fea6e1f
c79ef1de-92f3-4edd-bd55-553056640449	2021-02-01 11:00:00	0808344c-454b-4c36-89e8-d7687e692d57
c79ef1de-92f3-4edd-bd55-553056640449	2021-02-01 22:00:00	03b2d446-e3ba-4c82-8dc2-a5611fea6e1f
c79ef1de-92f3-4edd-bd55-553056640449	2021-02-02 01:00:00	baff9783-84e8-4e01-874b-6fd743b875ad
c79ef1de-92f3-4edd-bd55-553056640449	2021-02-02 05:00:00	0808344c-454b-4c36-89e8-d7687e692d57
c79ef1de-92f3-4edd-bd55-553056640449	2021-02-02 10:00:00	baff9783-84e8-4e01-874b-6fd743b875ad
c79ef1de-92f3-4edd-bd55-553056640449	2021-02-02 13:00:00	0808344c-454b-4c36-89e8-d7687e692d57
c79ef1de-92f3-4edd-bd55-553056640449	2021-02-02 20:00:00	baff9783-84e8-4e01-874b-6fd743b875ad
c79ef1de-92f3-4edd-bd55-553056640449	2021-02-02 23:00:00	0808344c-454b-4c36-89e8-d7687e692d57
c79ef1de-92f3-4edd-bd55-553056640449	2021-02-03 08:00:00	baff9783-84e8-4e01-874b-6fd743b875ad
c79ef1de-92f3-4edd-bd55-553056640449	2021-02-03 14:00:00	0808344c-454b-4c36-89e8-d7687e692d57
c79ef1de-92f3-4edd-bd55-553056640449	2021-02-04 03:00:00	03b2d446-e3ba-4c82-8dc2-a5611fea6e1f
c79ef1de-92f3-4edd-bd55-553056640449	2021-02-04 06:00:00	0808344c-454b-4c36-89e8-d7687e692d57
c79ef1de-92f3-4edd-bd55-553056640449	2021-02-04 12:00:00	baff9783-84e8-4e01-874b-6fd743b875ad
c79ef1de-92f3-4edd-bd55-553056640449	2021-02-04 18:00:00	03b2d446-e3ba-4c82-8dc2-a5611fea6e1f
c79ef1de-92f3-4edd-bd55-553056640449	2021-02-04 19:00:00	baff9783-84e8-4e01-874b-6fd743b875ad
c79ef1de-92f3-4edd-bd55-553056640449	2021-02-05 00:00:00	0808344c-454b-4c36-89e8-d7687e692d57
c79ef1de-92f3-4edd-bd55-553056640449	2021-02-05 11:00:00	baff9783-84e8-4e01-874b-6fd743b875ad
c79ef1de-92f3-4edd-bd55-553056640449	2021-02-05 17:00:00	03b2d446-e3ba-4c82-8dc2-a5611fea6e1f
c79ef1de-92f3-4edd-bd55-553056640449	2021-02-05 19:00:00	baff9783-84e8-4e01-874b-6fd743b875ad
c79ef1de-92f3-4edd-bd55-553056640449	2021-02-06 00:00:00	0808344c-454b-4c36-89e8-d7687e692d57
c79ef1de-92f3-4edd-bd55-553056640449	2021-02-06 09:00:00	baff9783-84e8-4e01-874b-6fd743b875ad
c79ef1de-92f3-4edd-bd55-553056640449	2021-02-06 11:00:00	03b2d446-e3ba-4c82-8dc2-a5611fea6e1f
c79ef1de-92f3-4edd-bd55-553056640449	2021-02-06 13:00:00	baff9783-84e8-4e01-874b-6fd743b875ad
c79ef1de-92f3-4edd-bd55-553056640449	2021-02-06 14:00:00	0808344c-454b-4c36-89e8-d7687e692d57
c79ef1de-92f3-4edd-bd55-553056640449	2021-02-07 02:00:00	baff9783-84e8-4e01-874b-6fd743b875ad
c79ef1de-92f3-4edd-bd55-553056640449	2021-02-07 08:00:00	0808344c-454b-4c36-89e8-d7687e692d57
c79ef1de-92f3-4edd-bd55-553056640449	2021-02-07 16:00:00	03b2d446-e3ba-4c82-8dc2-a5611fea6e1f
c79ef1de-92f3-4edd-bd55-553056640449	2021-02-07 20:00:00	0808344c-454b-4c36-89e8-d7687e692d57
c79ef1de-92f3-4edd-bd55-553056640449	2021-02-08 07:00:00	baff9783-84e8-4e01-874b-6fd743b875ad
c79ef1de-92f3-4edd-bd55-553056640449	2021-02-08 13:00:00	03b2d446-e3ba-4c82-8dc2-a5611fea6e1f
c79ef1de-92f3-4edd-bd55-553056640449	2021-02-08 16:00:00	0808344c-454b-4c36-89e8-d7687e692d57
c79ef1de-92f3-4edd-bd55-553056640449	2021-02-09 04:00:00	baff9783-84e8-4e01-874b-6fd743b875ad
c79ef1de-92f3-4edd-bd55-553056640449	2021-02-09 05:00:00	0808344c-454b-4c36-89e8-d7687e692d57
c79ef1de-92f3-4edd-bd55-553056640449	2021-02-09 21:00:00	03b2d446-e3ba-4c82-8dc2-a5611fea6e1f
c79ef1de-92f3-4edd-bd55-553056640449	2021-02-09 22:00:00	0808344c-454b-4c36-89e8-d7687e692d57
c79ef1de-92f3-4edd-bd55-553056640449	2021-02-10 13:00:00	baff9783-84e8-4e01-874b-6fd743b875ad
c79ef1de-92f3-4edd-bd55-553056640449	2021-02-10 17:00:00	03b2d446-e3ba-4c82-8dc2-a5611fea6e1f
c79ef1de-92f3-4edd-bd55-553056640449	2021-02-10 19:00:00	0808344c-454b-4c36-89e8-d7687e692d57
c79ef1de-92f3-4edd-bd55-553056640449	2021-02-11 10:00:00	03b2d446-e3ba-4c82-8dc2-a5611fea6e1f
c79ef1de-92f3-4edd-bd55-553056640449	2021-02-11 14:00:00	baff9783-84e8-4e01-874b-6fd743b875ad
c79ef1de-92f3-4edd-bd55-553056640449	2021-02-11 16:00:00	03b2d446-e3ba-4c82-8dc2-a5611fea6e1f
c79ef1de-92f3-4edd-bd55-553056640449	2021-02-11 18:00:00	0808344c-454b-4c36-89e8-d7687e692d57
c79ef1de-92f3-4edd-bd55-553056640449	2021-02-11 22:00:00	baff9783-84e8-4e01-874b-6fd743b875ad
c79ef1de-92f3-4edd-bd55-553056640449	2021-02-12 00:00:00	03b2d446-e3ba-4c82-8dc2-a5611fea6e1f
c79ef1de-92f3-4edd-bd55-553056640449	2021-02-12 01:00:00	0808344c-454b-4c36-89e8-d7687e692d57
c79ef1de-92f3-4edd-bd55-553056640449	2021-02-12 17:00:00	03b2d446-e3ba-4c82-8dc2-a5611fea6e1f
c79ef1de-92f3-4edd-bd55-553056640449	2021-02-12 18:00:00	baff9783-84e8-4e01-874b-6fd743b875ad
c79ef1de-92f3-4edd-bd55-553056640449	2021-02-12 23:00:00	03b2d446-e3ba-4c82-8dc2-a5611fea6e1f
c79ef1de-92f3-4edd-bd55-553056640449	2021-02-13 01:00:00	baff9783-84e8-4e01-874b-6fd743b875ad
c79ef1de-92f3-4edd-bd55-553056640449	2021-02-13 05:00:00	03b2d446-e3ba-4c82-8dc2-a5611fea6e1f
c79ef1de-92f3-4edd-bd55-553056640449	2021-02-13 07:00:00	baff9783-84e8-4e01-874b-6fd743b875ad
c79ef1de-92f3-4edd-bd55-553056640449	2021-02-13 13:00:00	0808344c-454b-4c36-89e8-d7687e692d57
c79ef1de-92f3-4edd-bd55-553056640449	2021-02-13 20:00:00	03b2d446-e3ba-4c82-8dc2-a5611fea6e1f
c79ef1de-92f3-4edd-bd55-553056640449	2021-02-13 23:00:00	baff9783-84e8-4e01-874b-6fd743b875ad
c79ef1de-92f3-4edd-bd55-553056640449	2021-02-14 05:00:00	03b2d446-e3ba-4c82-8dc2-a5611fea6e1f
c79ef1de-92f3-4edd-bd55-553056640449	2021-02-14 08:00:00	0808344c-454b-4c36-89e8-d7687e692d57
c79ef1de-92f3-4edd-bd55-553056640449	2021-02-14 13:00:00	baff9783-84e8-4e01-874b-6fd743b875ad
c79ef1de-92f3-4edd-bd55-553056640449	2021-02-14 19:00:00	0808344c-454b-4c36-89e8-d7687e692d57
c79ef1de-92f3-4edd-bd55-553056640449	2021-02-15 10:00:00	baff9783-84e8-4e01-874b-6fd743b875ad
c79ef1de-92f3-4edd-bd55-553056640449	2021-02-15 13:00:00	0808344c-454b-4c36-89e8-d7687e692d57
c79ef1de-92f3-4edd-bd55-553056640449	2021-02-16 03:00:00	03b2d446-e3ba-4c82-8dc2-a5611fea6e1f
c79ef1de-92f3-4edd-bd55-553056640449	2021-02-16 07:00:00	0808344c-454b-4c36-89e8-d7687e692d57
c79ef1de-92f3-4edd-bd55-553056640449	2021-02-16 14:00:00	baff9783-84e8-4e01-874b-6fd743b875ad
c79ef1de-92f3-4edd-bd55-553056640449	2021-02-16 19:00:00	03b2d446-e3ba-4c82-8dc2-a5611fea6e1f
c79ef1de-92f3-4edd-bd55-553056640449	2021-02-16 20:00:00	baff9783-84e8-4e01-874b-6fd743b875ad
c79ef1de-92f3-4edd-bd55-553056640449	2021-02-17 02:00:00	0808344c-454b-4c36-89e8-d7687e692d57
c79ef1de-92f3-4edd-bd55-553056640449	2021-02-17 11:00:00	03b2d446-e3ba-4c82-8dc2-a5611fea6e1f
c79ef1de-92f3-4edd-bd55-553056640449	2021-02-17 12:00:00	baff9783-84e8-4e01-874b-6fd743b875ad
c79ef1de-92f3-4edd-bd55-553056640449	2021-02-17 13:00:00	03b2d446-e3ba-4c82-8dc2-a5611fea6e1f
c79ef1de-92f3-4edd-bd55-553056640449	2021-02-17 16:00:00	baff9783-84e8-4e01-874b-6fd743b875ad
c79ef1de-92f3-4edd-bd55-553056640449	2021-02-17 19:00:00	03b2d446-e3ba-4c82-8dc2-a5611fea6e1f
c79ef1de-92f3-4edd-bd55-553056640449	2021-02-17 21:00:00	0808344c-454b-4c36-89e8-d7687e692d57
c79ef1de-92f3-4edd-bd55-553056640449	2021-02-18 03:00:00	baff9783-84e8-4e01-874b-6fd743b875ad
c79ef1de-92f3-4edd-bd55-553056640449	2021-02-18 08:00:00	0808344c-454b-4c36-89e8-d7687e692d57
c79ef1de-92f3-4edd-bd55-553056640449	2021-02-18 20:00:00	baff9783-84e8-4e01-874b-6fd743b875ad
c79ef1de-92f3-4edd-bd55-553056640449	2021-02-18 22:00:00	03b2d446-e3ba-4c82-8dc2-a5611fea6e1f
c79ef1de-92f3-4edd-bd55-553056640449	2021-02-19 01:00:00	0808344c-454b-4c36-89e8-d7687e692d57
c79ef1de-92f3-4edd-bd55-553056640449	2021-02-19 12:00:00	baff9783-84e8-4e01-874b-6fd743b875ad
c79ef1de-92f3-4edd-bd55-553056640449	2021-02-19 14:00:00	0808344c-454b-4c36-89e8-d7687e692d57
c79ef1de-92f3-4edd-bd55-553056640449	2021-02-19 18:00:00	03b2d446-e3ba-4c82-8dc2-a5611fea6e1f
c79ef1de-92f3-4edd-bd55-553056640449	2021-02-19 22:00:00	0808344c-454b-4c36-89e8-d7687e692d57
c79ef1de-92f3-4edd-bd55-553056640449	2021-02-20 06:00:00	03b2d446-e3ba-4c82-8dc2-a5611fea6e1f
c79ef1de-92f3-4edd-bd55-553056640449	2021-02-20 08:00:00	baff9783-84e8-4e01-874b-6fd743b875ad
c79ef1de-92f3-4edd-bd55-553056640449	2021-02-20 09:00:00	03b2d446-e3ba-4c82-8dc2-a5611fea6e1f
c79ef1de-92f3-4edd-bd55-553056640449	2021-02-20 11:00:00	baff9783-84e8-4e01-874b-6fd743b875ad
c79ef1de-92f3-4edd-bd55-553056640449	2021-02-20 16:00:00	03b2d446-e3ba-4c82-8dc2-a5611fea6e1f
c79ef1de-92f3-4edd-bd55-553056640449	2021-02-20 20:00:00	baff9783-84e8-4e01-874b-6fd743b875ad
c79ef1de-92f3-4edd-bd55-553056640449	2021-02-21 02:00:00	0808344c-454b-4c36-89e8-d7687e692d57
c79ef1de-92f3-4edd-bd55-553056640449	2021-02-21 15:00:00	baff9783-84e8-4e01-874b-6fd743b875ad
c79ef1de-92f3-4edd-bd55-553056640449	2021-02-21 19:00:00	0808344c-454b-4c36-89e8-d7687e692d57
c79ef1de-92f3-4edd-bd55-553056640449	2021-02-22 10:00:00	baff9783-84e8-4e01-874b-6fd743b875ad
c79ef1de-92f3-4edd-bd55-553056640449	2021-02-22 13:00:00	03b2d446-e3ba-4c82-8dc2-a5611fea6e1f
c79ef1de-92f3-4edd-bd55-553056640449	2021-02-22 16:00:00	0808344c-454b-4c36-89e8-d7687e692d57
c79ef1de-92f3-4edd-bd55-553056640449	2021-02-23 10:00:00	baff9783-84e8-4e01-874b-6fd743b875ad
c79ef1de-92f3-4edd-bd55-553056640449	2021-02-23 12:00:00	0808344c-454b-4c36-89e8-d7687e692d57
c79ef1de-92f3-4edd-bd55-553056640449	2021-02-24 00:00:00	03b2d446-e3ba-4c82-8dc2-a5611fea6e1f
c79ef1de-92f3-4edd-bd55-553056640449	2021-02-24 02:00:00	0808344c-454b-4c36-89e8-d7687e692d57
c79ef1de-92f3-4edd-bd55-553056640449	2021-02-24 16:00:00	03b2d446-e3ba-4c82-8dc2-a5611fea6e1f
c79ef1de-92f3-4edd-bd55-553056640449	2021-02-24 17:00:00	0808344c-454b-4c36-89e8-d7687e692d57
c79ef1de-92f3-4edd-bd55-553056640449	2021-02-25 03:00:00	03b2d446-e3ba-4c82-8dc2-a5611fea6e1f
c79ef1de-92f3-4edd-bd55-553056640449	2021-02-25 04:00:00	0808344c-454b-4c36-89e8-d7687e692d57
c79ef1de-92f3-4edd-bd55-553056640449	2021-02-25 22:00:00	03b2d446-e3ba-4c82-8dc2-a5611fea6e1f
c79ef1de-92f3-4edd-bd55-553056640449	2021-02-26 00:00:00	baff9783-84e8-4e01-874b-6fd743b875ad
c79ef1de-92f3-4edd-bd55-553056640449	2021-02-26 03:00:00	03b2d446-e3ba-4c82-8dc2-a5611fea6e1f
c79ef1de-92f3-4edd-bd55-553056640449	2021-02-26 04:00:00	baff9783-84e8-4e01-874b-6fd743b875ad
c79ef1de-92f3-4edd-bd55-553056640449	2021-02-26 05:00:00	0808344c-454b-4c36-89e8-d7687e692d57
c79ef1de-92f3-4edd-bd55-553056640449	2021-02-26 17:00:00	03b2d446-e3ba-4c82-8dc2-a5611fea6e1f
c79ef1de-92f3-4edd-bd55-553056640449	2021-02-26 20:00:00	baff9783-84e8-4e01-874b-6fd743b875ad
c79ef1de-92f3-4edd-bd55-553056640449	2021-02-26 23:00:00	0808344c-454b-4c36-89e8-d7687e692d57
c79ef1de-92f3-4edd-bd55-553056640449	2021-02-27 06:00:00	03b2d446-e3ba-4c82-8dc2-a5611fea6e1f
c79ef1de-92f3-4edd-bd55-553056640449	2021-02-27 07:00:00	0808344c-454b-4c36-89e8-d7687e692d57
c79ef1de-92f3-4edd-bd55-553056640449	2021-02-27 18:00:00	baff9783-84e8-4e01-874b-6fd743b875ad
c79ef1de-92f3-4edd-bd55-553056640449	2021-02-27 20:00:00	0808344c-454b-4c36-89e8-d7687e692d57
c79ef1de-92f3-4edd-bd55-553056640449	2021-02-28 14:00:00	03b2d446-e3ba-4c82-8dc2-a5611fea6e1f
c79ef1de-92f3-4edd-bd55-553056640449	2021-02-28 15:00:00	0808344c-454b-4c36-89e8-d7687e692d57
b7aaba00-13f7-44a0-8bf1-bc163afcf9d8	2021-02-01 03:00:00	baff9783-84e8-4e01-874b-6fd743b875ad
b7aaba00-13f7-44a0-8bf1-bc163afcf9d8	2021-02-01 05:00:00	03b2d446-e3ba-4c82-8dc2-a5611fea6e1f
b7aaba00-13f7-44a0-8bf1-bc163afcf9d8	2021-02-01 06:00:00	baff9783-84e8-4e01-874b-6fd743b875ad
b7aaba00-13f7-44a0-8bf1-bc163afcf9d8	2021-02-01 11:00:00	0808344c-454b-4c36-89e8-d7687e692d57
b7aaba00-13f7-44a0-8bf1-bc163afcf9d8	2021-02-01 17:00:00	03b2d446-e3ba-4c82-8dc2-a5611fea6e1f
b7aaba00-13f7-44a0-8bf1-bc163afcf9d8	2021-02-01 21:00:00	baff9783-84e8-4e01-874b-6fd743b875ad
b7aaba00-13f7-44a0-8bf1-bc163afcf9d8	2021-02-02 02:00:00	0808344c-454b-4c36-89e8-d7687e692d57
b7aaba00-13f7-44a0-8bf1-bc163afcf9d8	2021-02-02 18:00:00	03b2d446-e3ba-4c82-8dc2-a5611fea6e1f
b7aaba00-13f7-44a0-8bf1-bc163afcf9d8	2021-02-02 19:00:00	0808344c-454b-4c36-89e8-d7687e692d57
b7aaba00-13f7-44a0-8bf1-bc163afcf9d8	2021-02-03 04:00:00	baff9783-84e8-4e01-874b-6fd743b875ad
b7aaba00-13f7-44a0-8bf1-bc163afcf9d8	2021-02-03 06:00:00	0808344c-454b-4c36-89e8-d7687e692d57
b7aaba00-13f7-44a0-8bf1-bc163afcf9d8	2021-02-03 14:00:00	baff9783-84e8-4e01-874b-6fd743b875ad
b7aaba00-13f7-44a0-8bf1-bc163afcf9d8	2021-02-03 16:00:00	0808344c-454b-4c36-89e8-d7687e692d57
b7aaba00-13f7-44a0-8bf1-bc163afcf9d8	2021-02-04 08:00:00	baff9783-84e8-4e01-874b-6fd743b875ad
b7aaba00-13f7-44a0-8bf1-bc163afcf9d8	2021-02-04 10:00:00	0808344c-454b-4c36-89e8-d7687e692d57
b7aaba00-13f7-44a0-8bf1-bc163afcf9d8	2021-02-04 15:00:00	baff9783-84e8-4e01-874b-6fd743b875ad
b7aaba00-13f7-44a0-8bf1-bc163afcf9d8	2021-02-04 17:00:00	03b2d446-e3ba-4c82-8dc2-a5611fea6e1f
b7aaba00-13f7-44a0-8bf1-bc163afcf9d8	2021-02-04 18:00:00	0808344c-454b-4c36-89e8-d7687e692d57
b7aaba00-13f7-44a0-8bf1-bc163afcf9d8	2021-02-05 03:00:00	03b2d446-e3ba-4c82-8dc2-a5611fea6e1f
b7aaba00-13f7-44a0-8bf1-bc163afcf9d8	2021-02-05 04:00:00	baff9783-84e8-4e01-874b-6fd743b875ad
b7aaba00-13f7-44a0-8bf1-bc163afcf9d8	2021-02-05 10:00:00	0808344c-454b-4c36-89e8-d7687e692d57
b7aaba00-13f7-44a0-8bf1-bc163afcf9d8	2021-02-06 01:00:00	03b2d446-e3ba-4c82-8dc2-a5611fea6e1f
b7aaba00-13f7-44a0-8bf1-bc163afcf9d8	2021-02-06 03:00:00	baff9783-84e8-4e01-874b-6fd743b875ad
b7aaba00-13f7-44a0-8bf1-bc163afcf9d8	2021-02-06 07:00:00	0808344c-454b-4c36-89e8-d7687e692d57
b7aaba00-13f7-44a0-8bf1-bc163afcf9d8	2021-02-06 16:00:00	baff9783-84e8-4e01-874b-6fd743b875ad
b7aaba00-13f7-44a0-8bf1-bc163afcf9d8	2021-02-06 17:00:00	0808344c-454b-4c36-89e8-d7687e692d57
b7aaba00-13f7-44a0-8bf1-bc163afcf9d8	2021-02-07 11:00:00	03b2d446-e3ba-4c82-8dc2-a5611fea6e1f
b7aaba00-13f7-44a0-8bf1-bc163afcf9d8	2021-02-07 12:00:00	0808344c-454b-4c36-89e8-d7687e692d57
b7aaba00-13f7-44a0-8bf1-bc163afcf9d8	2021-02-07 18:00:00	03b2d446-e3ba-4c82-8dc2-a5611fea6e1f
b7aaba00-13f7-44a0-8bf1-bc163afcf9d8	2021-02-07 22:00:00	0808344c-454b-4c36-89e8-d7687e692d57
b7aaba00-13f7-44a0-8bf1-bc163afcf9d8	2021-02-08 13:00:00	03b2d446-e3ba-4c82-8dc2-a5611fea6e1f
b7aaba00-13f7-44a0-8bf1-bc163afcf9d8	2021-02-08 16:00:00	0808344c-454b-4c36-89e8-d7687e692d57
b7aaba00-13f7-44a0-8bf1-bc163afcf9d8	2021-02-08 23:00:00	03b2d446-e3ba-4c82-8dc2-a5611fea6e1f
b7aaba00-13f7-44a0-8bf1-bc163afcf9d8	2021-02-09 03:00:00	0808344c-454b-4c36-89e8-d7687e692d57
b7aaba00-13f7-44a0-8bf1-bc163afcf9d8	2021-02-09 08:00:00	baff9783-84e8-4e01-874b-6fd743b875ad
b7aaba00-13f7-44a0-8bf1-bc163afcf9d8	2021-02-09 13:00:00	0808344c-454b-4c36-89e8-d7687e692d57
b7aaba00-13f7-44a0-8bf1-bc163afcf9d8	2021-02-09 23:00:00	baff9783-84e8-4e01-874b-6fd743b875ad
b7aaba00-13f7-44a0-8bf1-bc163afcf9d8	2021-02-10 00:00:00	0808344c-454b-4c36-89e8-d7687e692d57
b7aaba00-13f7-44a0-8bf1-bc163afcf9d8	2021-02-10 12:00:00	03b2d446-e3ba-4c82-8dc2-a5611fea6e1f
b7aaba00-13f7-44a0-8bf1-bc163afcf9d8	2021-02-10 14:00:00	baff9783-84e8-4e01-874b-6fd743b875ad
b7aaba00-13f7-44a0-8bf1-bc163afcf9d8	2021-02-10 20:00:00	0808344c-454b-4c36-89e8-d7687e692d57
b7aaba00-13f7-44a0-8bf1-bc163afcf9d8	2021-02-11 03:00:00	03b2d446-e3ba-4c82-8dc2-a5611fea6e1f
b7aaba00-13f7-44a0-8bf1-bc163afcf9d8	2021-02-11 07:00:00	baff9783-84e8-4e01-874b-6fd743b875ad
b7aaba00-13f7-44a0-8bf1-bc163afcf9d8	2021-02-11 09:00:00	03b2d446-e3ba-4c82-8dc2-a5611fea6e1f
b7aaba00-13f7-44a0-8bf1-bc163afcf9d8	2021-02-11 11:00:00	baff9783-84e8-4e01-874b-6fd743b875ad
b7aaba00-13f7-44a0-8bf1-bc163afcf9d8	2021-02-11 13:00:00	03b2d446-e3ba-4c82-8dc2-a5611fea6e1f
b7aaba00-13f7-44a0-8bf1-bc163afcf9d8	2021-02-11 17:00:00	baff9783-84e8-4e01-874b-6fd743b875ad
b7aaba00-13f7-44a0-8bf1-bc163afcf9d8	2021-02-11 20:00:00	03b2d446-e3ba-4c82-8dc2-a5611fea6e1f
b7aaba00-13f7-44a0-8bf1-bc163afcf9d8	2021-02-12 00:00:00	baff9783-84e8-4e01-874b-6fd743b875ad
b7aaba00-13f7-44a0-8bf1-bc163afcf9d8	2021-02-12 06:00:00	03b2d446-e3ba-4c82-8dc2-a5611fea6e1f
b7aaba00-13f7-44a0-8bf1-bc163afcf9d8	2021-02-12 08:00:00	0808344c-454b-4c36-89e8-d7687e692d57
b7aaba00-13f7-44a0-8bf1-bc163afcf9d8	2021-02-12 23:00:00	03b2d446-e3ba-4c82-8dc2-a5611fea6e1f
b7aaba00-13f7-44a0-8bf1-bc163afcf9d8	2021-02-13 03:00:00	0808344c-454b-4c36-89e8-d7687e692d57
b7aaba00-13f7-44a0-8bf1-bc163afcf9d8	2021-02-13 10:00:00	baff9783-84e8-4e01-874b-6fd743b875ad
b7aaba00-13f7-44a0-8bf1-bc163afcf9d8	2021-02-13 12:00:00	03b2d446-e3ba-4c82-8dc2-a5611fea6e1f
b7aaba00-13f7-44a0-8bf1-bc163afcf9d8	2021-02-13 14:00:00	baff9783-84e8-4e01-874b-6fd743b875ad
b7aaba00-13f7-44a0-8bf1-bc163afcf9d8	2021-02-13 17:00:00	03b2d446-e3ba-4c82-8dc2-a5611fea6e1f
b7aaba00-13f7-44a0-8bf1-bc163afcf9d8	2021-02-13 19:00:00	0808344c-454b-4c36-89e8-d7687e692d57
b7aaba00-13f7-44a0-8bf1-bc163afcf9d8	2021-02-14 09:00:00	baff9783-84e8-4e01-874b-6fd743b875ad
b7aaba00-13f7-44a0-8bf1-bc163afcf9d8	2021-02-14 11:00:00	0808344c-454b-4c36-89e8-d7687e692d57
b7aaba00-13f7-44a0-8bf1-bc163afcf9d8	2021-02-14 19:00:00	03b2d446-e3ba-4c82-8dc2-a5611fea6e1f
b7aaba00-13f7-44a0-8bf1-bc163afcf9d8	2021-02-14 21:00:00	baff9783-84e8-4e01-874b-6fd743b875ad
b7aaba00-13f7-44a0-8bf1-bc163afcf9d8	2021-02-14 22:00:00	03b2d446-e3ba-4c82-8dc2-a5611fea6e1f
b7aaba00-13f7-44a0-8bf1-bc163afcf9d8	2021-02-15 01:00:00	baff9783-84e8-4e01-874b-6fd743b875ad
b7aaba00-13f7-44a0-8bf1-bc163afcf9d8	2021-02-15 07:00:00	03b2d446-e3ba-4c82-8dc2-a5611fea6e1f
b7aaba00-13f7-44a0-8bf1-bc163afcf9d8	2021-02-15 10:00:00	baff9783-84e8-4e01-874b-6fd743b875ad
b7aaba00-13f7-44a0-8bf1-bc163afcf9d8	2021-02-15 15:00:00	03b2d446-e3ba-4c82-8dc2-a5611fea6e1f
b7aaba00-13f7-44a0-8bf1-bc163afcf9d8	2021-02-15 17:00:00	0808344c-454b-4c36-89e8-d7687e692d57
b7aaba00-13f7-44a0-8bf1-bc163afcf9d8	2021-02-16 03:00:00	03b2d446-e3ba-4c82-8dc2-a5611fea6e1f
b7aaba00-13f7-44a0-8bf1-bc163afcf9d8	2021-02-16 05:00:00	0808344c-454b-4c36-89e8-d7687e692d57
b7aaba00-13f7-44a0-8bf1-bc163afcf9d8	2021-02-16 11:00:00	03b2d446-e3ba-4c82-8dc2-a5611fea6e1f
b7aaba00-13f7-44a0-8bf1-bc163afcf9d8	2021-02-16 14:00:00	0808344c-454b-4c36-89e8-d7687e692d57
b7aaba00-13f7-44a0-8bf1-bc163afcf9d8	2021-02-16 21:00:00	03b2d446-e3ba-4c82-8dc2-a5611fea6e1f
b7aaba00-13f7-44a0-8bf1-bc163afcf9d8	2021-02-17 01:00:00	baff9783-84e8-4e01-874b-6fd743b875ad
b7aaba00-13f7-44a0-8bf1-bc163afcf9d8	2021-02-17 04:00:00	0808344c-454b-4c36-89e8-d7687e692d57
b7aaba00-13f7-44a0-8bf1-bc163afcf9d8	2021-02-17 11:00:00	03b2d446-e3ba-4c82-8dc2-a5611fea6e1f
b7aaba00-13f7-44a0-8bf1-bc163afcf9d8	2021-02-17 13:00:00	0808344c-454b-4c36-89e8-d7687e692d57
b7aaba00-13f7-44a0-8bf1-bc163afcf9d8	2021-02-18 05:00:00	baff9783-84e8-4e01-874b-6fd743b875ad
b7aaba00-13f7-44a0-8bf1-bc163afcf9d8	2021-02-18 07:00:00	03b2d446-e3ba-4c82-8dc2-a5611fea6e1f
b7aaba00-13f7-44a0-8bf1-bc163afcf9d8	2021-02-18 09:00:00	baff9783-84e8-4e01-874b-6fd743b875ad
b7aaba00-13f7-44a0-8bf1-bc163afcf9d8	2021-02-18 11:00:00	03b2d446-e3ba-4c82-8dc2-a5611fea6e1f
b7aaba00-13f7-44a0-8bf1-bc163afcf9d8	2021-02-18 13:00:00	baff9783-84e8-4e01-874b-6fd743b875ad
b7aaba00-13f7-44a0-8bf1-bc163afcf9d8	2021-02-18 14:00:00	03b2d446-e3ba-4c82-8dc2-a5611fea6e1f
b7aaba00-13f7-44a0-8bf1-bc163afcf9d8	2021-02-18 16:00:00	0808344c-454b-4c36-89e8-d7687e692d57
b7aaba00-13f7-44a0-8bf1-bc163afcf9d8	2021-02-18 23:00:00	03b2d446-e3ba-4c82-8dc2-a5611fea6e1f
b7aaba00-13f7-44a0-8bf1-bc163afcf9d8	2021-02-19 02:00:00	0808344c-454b-4c36-89e8-d7687e692d57
b7aaba00-13f7-44a0-8bf1-bc163afcf9d8	2021-02-19 17:00:00	baff9783-84e8-4e01-874b-6fd743b875ad
b7aaba00-13f7-44a0-8bf1-bc163afcf9d8	2021-02-19 22:00:00	0808344c-454b-4c36-89e8-d7687e692d57
b7aaba00-13f7-44a0-8bf1-bc163afcf9d8	2021-02-20 04:00:00	03b2d446-e3ba-4c82-8dc2-a5611fea6e1f
b7aaba00-13f7-44a0-8bf1-bc163afcf9d8	2021-02-20 06:00:00	baff9783-84e8-4e01-874b-6fd743b875ad
b7aaba00-13f7-44a0-8bf1-bc163afcf9d8	2021-02-20 07:00:00	0808344c-454b-4c36-89e8-d7687e692d57
b7aaba00-13f7-44a0-8bf1-bc163afcf9d8	2021-02-20 13:00:00	03b2d446-e3ba-4c82-8dc2-a5611fea6e1f
b7aaba00-13f7-44a0-8bf1-bc163afcf9d8	2021-02-20 14:00:00	baff9783-84e8-4e01-874b-6fd743b875ad
b7aaba00-13f7-44a0-8bf1-bc163afcf9d8	2021-02-20 16:00:00	0808344c-454b-4c36-89e8-d7687e692d57
b7aaba00-13f7-44a0-8bf1-bc163afcf9d8	2021-02-21 07:00:00	baff9783-84e8-4e01-874b-6fd743b875ad
b7aaba00-13f7-44a0-8bf1-bc163afcf9d8	2021-02-21 13:00:00	03b2d446-e3ba-4c82-8dc2-a5611fea6e1f
b7aaba00-13f7-44a0-8bf1-bc163afcf9d8	2021-02-21 15:00:00	baff9783-84e8-4e01-874b-6fd743b875ad
b7aaba00-13f7-44a0-8bf1-bc163afcf9d8	2021-02-21 19:00:00	03b2d446-e3ba-4c82-8dc2-a5611fea6e1f
b7aaba00-13f7-44a0-8bf1-bc163afcf9d8	2021-02-21 20:00:00	baff9783-84e8-4e01-874b-6fd743b875ad
b7aaba00-13f7-44a0-8bf1-bc163afcf9d8	2021-02-22 02:00:00	0808344c-454b-4c36-89e8-d7687e692d57
b7aaba00-13f7-44a0-8bf1-bc163afcf9d8	2021-02-22 17:00:00	03b2d446-e3ba-4c82-8dc2-a5611fea6e1f
b7aaba00-13f7-44a0-8bf1-bc163afcf9d8	2021-02-22 20:00:00	0808344c-454b-4c36-89e8-d7687e692d57
b7aaba00-13f7-44a0-8bf1-bc163afcf9d8	2021-02-23 12:00:00	03b2d446-e3ba-4c82-8dc2-a5611fea6e1f
b7aaba00-13f7-44a0-8bf1-bc163afcf9d8	2021-02-23 15:00:00	baff9783-84e8-4e01-874b-6fd743b875ad
b7aaba00-13f7-44a0-8bf1-bc163afcf9d8	2021-02-23 19:00:00	0808344c-454b-4c36-89e8-d7687e692d57
b7aaba00-13f7-44a0-8bf1-bc163afcf9d8	2021-02-23 23:00:00	baff9783-84e8-4e01-874b-6fd743b875ad
b7aaba00-13f7-44a0-8bf1-bc163afcf9d8	2021-02-24 05:00:00	03b2d446-e3ba-4c82-8dc2-a5611fea6e1f
b7aaba00-13f7-44a0-8bf1-bc163afcf9d8	2021-02-24 09:00:00	baff9783-84e8-4e01-874b-6fd743b875ad
b7aaba00-13f7-44a0-8bf1-bc163afcf9d8	2021-02-24 12:00:00	03b2d446-e3ba-4c82-8dc2-a5611fea6e1f
b7aaba00-13f7-44a0-8bf1-bc163afcf9d8	2021-02-24 16:00:00	0808344c-454b-4c36-89e8-d7687e692d57
b7aaba00-13f7-44a0-8bf1-bc163afcf9d8	2021-02-25 02:00:00	baff9783-84e8-4e01-874b-6fd743b875ad
b7aaba00-13f7-44a0-8bf1-bc163afcf9d8	2021-02-25 03:00:00	0808344c-454b-4c36-89e8-d7687e692d57
b7aaba00-13f7-44a0-8bf1-bc163afcf9d8	2021-02-25 13:00:00	baff9783-84e8-4e01-874b-6fd743b875ad
b7aaba00-13f7-44a0-8bf1-bc163afcf9d8	2021-02-25 18:00:00	03b2d446-e3ba-4c82-8dc2-a5611fea6e1f
b7aaba00-13f7-44a0-8bf1-bc163afcf9d8	2021-02-25 22:00:00	baff9783-84e8-4e01-874b-6fd743b875ad
b7aaba00-13f7-44a0-8bf1-bc163afcf9d8	2021-02-26 03:00:00	0808344c-454b-4c36-89e8-d7687e692d57
b7aaba00-13f7-44a0-8bf1-bc163afcf9d8	2021-02-26 18:00:00	03b2d446-e3ba-4c82-8dc2-a5611fea6e1f
b7aaba00-13f7-44a0-8bf1-bc163afcf9d8	2021-02-26 21:00:00	baff9783-84e8-4e01-874b-6fd743b875ad
b7aaba00-13f7-44a0-8bf1-bc163afcf9d8	2021-02-26 22:00:00	0808344c-454b-4c36-89e8-d7687e692d57
b7aaba00-13f7-44a0-8bf1-bc163afcf9d8	2021-02-27 04:00:00	03b2d446-e3ba-4c82-8dc2-a5611fea6e1f
b7aaba00-13f7-44a0-8bf1-bc163afcf9d8	2021-02-27 08:00:00	baff9783-84e8-4e01-874b-6fd743b875ad
b7aaba00-13f7-44a0-8bf1-bc163afcf9d8	2021-02-27 09:00:00	0808344c-454b-4c36-89e8-d7687e692d57
b7aaba00-13f7-44a0-8bf1-bc163afcf9d8	2021-02-27 13:00:00	baff9783-84e8-4e01-874b-6fd743b875ad
b7aaba00-13f7-44a0-8bf1-bc163afcf9d8	2021-02-27 16:00:00	0808344c-454b-4c36-89e8-d7687e692d57
b7aaba00-13f7-44a0-8bf1-bc163afcf9d8	2021-02-27 22:00:00	03b2d446-e3ba-4c82-8dc2-a5611fea6e1f
b7aaba00-13f7-44a0-8bf1-bc163afcf9d8	2021-02-28 01:00:00	0808344c-454b-4c36-89e8-d7687e692d57
b7aaba00-13f7-44a0-8bf1-bc163afcf9d8	2021-02-28 08:00:00	03b2d446-e3ba-4c82-8dc2-a5611fea6e1f
b7aaba00-13f7-44a0-8bf1-bc163afcf9d8	2021-02-28 09:00:00	baff9783-84e8-4e01-874b-6fd743b875ad
b7aaba00-13f7-44a0-8bf1-bc163afcf9d8	2021-02-28 12:00:00	03b2d446-e3ba-4c82-8dc2-a5611fea6e1f
b7aaba00-13f7-44a0-8bf1-bc163afcf9d8	2021-02-28 15:00:00	0808344c-454b-4c36-89e8-d7687e692d57
b7aaba00-13f7-44a0-8bf1-bc163afcf9d8	2021-02-28 20:00:00	03b2d446-e3ba-4c82-8dc2-a5611fea6e1f
b7aaba00-13f7-44a0-8bf1-bc163afcf9d8	2021-02-28 23:00:00	0808344c-454b-4c36-89e8-d7687e692d57
fe2a2e11-bfa6-46b6-990b-fd8175946b7e	2021-02-01 03:00:00	baff9783-84e8-4e01-874b-6fd743b875ad
fe2a2e11-bfa6-46b6-990b-fd8175946b7e	2021-02-01 08:00:00	03b2d446-e3ba-4c82-8dc2-a5611fea6e1f
fe2a2e11-bfa6-46b6-990b-fd8175946b7e	2021-02-01 11:00:00	baff9783-84e8-4e01-874b-6fd743b875ad
fe2a2e11-bfa6-46b6-990b-fd8175946b7e	2021-02-01 15:00:00	0808344c-454b-4c36-89e8-d7687e692d57
fe2a2e11-bfa6-46b6-990b-fd8175946b7e	2021-02-02 01:00:00	03b2d446-e3ba-4c82-8dc2-a5611fea6e1f
fe2a2e11-bfa6-46b6-990b-fd8175946b7e	2021-02-02 02:00:00	baff9783-84e8-4e01-874b-6fd743b875ad
fe2a2e11-bfa6-46b6-990b-fd8175946b7e	2021-02-02 05:00:00	0808344c-454b-4c36-89e8-d7687e692d57
fe2a2e11-bfa6-46b6-990b-fd8175946b7e	2021-02-02 19:00:00	baff9783-84e8-4e01-874b-6fd743b875ad
fe2a2e11-bfa6-46b6-990b-fd8175946b7e	2021-02-02 23:00:00	0808344c-454b-4c36-89e8-d7687e692d57
fe2a2e11-bfa6-46b6-990b-fd8175946b7e	2021-02-03 15:00:00	03b2d446-e3ba-4c82-8dc2-a5611fea6e1f
fe2a2e11-bfa6-46b6-990b-fd8175946b7e	2021-02-03 17:00:00	baff9783-84e8-4e01-874b-6fd743b875ad
fe2a2e11-bfa6-46b6-990b-fd8175946b7e	2021-02-03 18:00:00	03b2d446-e3ba-4c82-8dc2-a5611fea6e1f
fe2a2e11-bfa6-46b6-990b-fd8175946b7e	2021-02-03 20:00:00	0808344c-454b-4c36-89e8-d7687e692d57
fe2a2e11-bfa6-46b6-990b-fd8175946b7e	2021-02-04 02:00:00	03b2d446-e3ba-4c82-8dc2-a5611fea6e1f
fe2a2e11-bfa6-46b6-990b-fd8175946b7e	2021-02-04 03:00:00	baff9783-84e8-4e01-874b-6fd743b875ad
fe2a2e11-bfa6-46b6-990b-fd8175946b7e	2021-02-04 07:00:00	03b2d446-e3ba-4c82-8dc2-a5611fea6e1f
fe2a2e11-bfa6-46b6-990b-fd8175946b7e	2021-02-04 10:00:00	0808344c-454b-4c36-89e8-d7687e692d57
fe2a2e11-bfa6-46b6-990b-fd8175946b7e	2021-02-04 16:00:00	baff9783-84e8-4e01-874b-6fd743b875ad
fe2a2e11-bfa6-46b6-990b-fd8175946b7e	2021-02-04 22:00:00	0808344c-454b-4c36-89e8-d7687e692d57
fe2a2e11-bfa6-46b6-990b-fd8175946b7e	2021-02-05 09:00:00	03b2d446-e3ba-4c82-8dc2-a5611fea6e1f
fe2a2e11-bfa6-46b6-990b-fd8175946b7e	2021-02-05 12:00:00	0808344c-454b-4c36-89e8-d7687e692d57
fe2a2e11-bfa6-46b6-990b-fd8175946b7e	2021-02-06 00:00:00	03b2d446-e3ba-4c82-8dc2-a5611fea6e1f
fe2a2e11-bfa6-46b6-990b-fd8175946b7e	2021-02-06 02:00:00	0808344c-454b-4c36-89e8-d7687e692d57
fe2a2e11-bfa6-46b6-990b-fd8175946b7e	2021-02-06 17:00:00	03b2d446-e3ba-4c82-8dc2-a5611fea6e1f
fe2a2e11-bfa6-46b6-990b-fd8175946b7e	2021-02-06 19:00:00	baff9783-84e8-4e01-874b-6fd743b875ad
fe2a2e11-bfa6-46b6-990b-fd8175946b7e	2021-02-06 23:00:00	03b2d446-e3ba-4c82-8dc2-a5611fea6e1f
fe2a2e11-bfa6-46b6-990b-fd8175946b7e	2021-02-07 03:00:00	0808344c-454b-4c36-89e8-d7687e692d57
fe2a2e11-bfa6-46b6-990b-fd8175946b7e	2021-02-07 16:00:00	baff9783-84e8-4e01-874b-6fd743b875ad
fe2a2e11-bfa6-46b6-990b-fd8175946b7e	2021-02-07 17:00:00	0808344c-454b-4c36-89e8-d7687e692d57
fe2a2e11-bfa6-46b6-990b-fd8175946b7e	2021-02-08 11:00:00	03b2d446-e3ba-4c82-8dc2-a5611fea6e1f
fe2a2e11-bfa6-46b6-990b-fd8175946b7e	2021-02-08 13:00:00	0808344c-454b-4c36-89e8-d7687e692d57
fe2a2e11-bfa6-46b6-990b-fd8175946b7e	2021-02-09 02:00:00	baff9783-84e8-4e01-874b-6fd743b875ad
fe2a2e11-bfa6-46b6-990b-fd8175946b7e	2021-02-09 07:00:00	0808344c-454b-4c36-89e8-d7687e692d57
fe2a2e11-bfa6-46b6-990b-fd8175946b7e	2021-02-09 23:00:00	03b2d446-e3ba-4c82-8dc2-a5611fea6e1f
fe2a2e11-bfa6-46b6-990b-fd8175946b7e	2021-02-10 03:00:00	0808344c-454b-4c36-89e8-d7687e692d57
fe2a2e11-bfa6-46b6-990b-fd8175946b7e	2021-02-10 18:00:00	03b2d446-e3ba-4c82-8dc2-a5611fea6e1f
fe2a2e11-bfa6-46b6-990b-fd8175946b7e	2021-02-10 21:00:00	0808344c-454b-4c36-89e8-d7687e692d57
fe2a2e11-bfa6-46b6-990b-fd8175946b7e	2021-02-11 13:00:00	03b2d446-e3ba-4c82-8dc2-a5611fea6e1f
fe2a2e11-bfa6-46b6-990b-fd8175946b7e	2021-02-11 14:00:00	0808344c-454b-4c36-89e8-d7687e692d57
fe2a2e11-bfa6-46b6-990b-fd8175946b7e	2021-02-11 21:00:00	03b2d446-e3ba-4c82-8dc2-a5611fea6e1f
fe2a2e11-bfa6-46b6-990b-fd8175946b7e	2021-02-12 00:00:00	baff9783-84e8-4e01-874b-6fd743b875ad
fe2a2e11-bfa6-46b6-990b-fd8175946b7e	2021-02-12 04:00:00	0808344c-454b-4c36-89e8-d7687e692d57
fe2a2e11-bfa6-46b6-990b-fd8175946b7e	2021-02-12 20:00:00	baff9783-84e8-4e01-874b-6fd743b875ad
fe2a2e11-bfa6-46b6-990b-fd8175946b7e	2021-02-13 02:00:00	03b2d446-e3ba-4c82-8dc2-a5611fea6e1f
fe2a2e11-bfa6-46b6-990b-fd8175946b7e	2021-02-13 05:00:00	0808344c-454b-4c36-89e8-d7687e692d57
fe2a2e11-bfa6-46b6-990b-fd8175946b7e	2021-02-13 23:00:00	baff9783-84e8-4e01-874b-6fd743b875ad
fe2a2e11-bfa6-46b6-990b-fd8175946b7e	2021-02-14 04:00:00	03b2d446-e3ba-4c82-8dc2-a5611fea6e1f
fe2a2e11-bfa6-46b6-990b-fd8175946b7e	2021-02-14 08:00:00	0808344c-454b-4c36-89e8-d7687e692d57
fe2a2e11-bfa6-46b6-990b-fd8175946b7e	2021-02-14 13:00:00	baff9783-84e8-4e01-874b-6fd743b875ad
fe2a2e11-bfa6-46b6-990b-fd8175946b7e	2021-02-14 17:00:00	0808344c-454b-4c36-89e8-d7687e692d57
fe2a2e11-bfa6-46b6-990b-fd8175946b7e	2021-02-15 09:00:00	baff9783-84e8-4e01-874b-6fd743b875ad
fe2a2e11-bfa6-46b6-990b-fd8175946b7e	2021-02-15 13:00:00	0808344c-454b-4c36-89e8-d7687e692d57
fe2a2e11-bfa6-46b6-990b-fd8175946b7e	2021-02-16 06:00:00	baff9783-84e8-4e01-874b-6fd743b875ad
fe2a2e11-bfa6-46b6-990b-fd8175946b7e	2021-02-16 10:00:00	0808344c-454b-4c36-89e8-d7687e692d57
fe2a2e11-bfa6-46b6-990b-fd8175946b7e	2021-02-16 20:00:00	baff9783-84e8-4e01-874b-6fd743b875ad
fe2a2e11-bfa6-46b6-990b-fd8175946b7e	2021-02-17 01:00:00	03b2d446-e3ba-4c82-8dc2-a5611fea6e1f
fe2a2e11-bfa6-46b6-990b-fd8175946b7e	2021-02-17 03:00:00	baff9783-84e8-4e01-874b-6fd743b875ad
fe2a2e11-bfa6-46b6-990b-fd8175946b7e	2021-02-17 05:00:00	0808344c-454b-4c36-89e8-d7687e692d57
fe2a2e11-bfa6-46b6-990b-fd8175946b7e	2021-02-17 12:00:00	03b2d446-e3ba-4c82-8dc2-a5611fea6e1f
fe2a2e11-bfa6-46b6-990b-fd8175946b7e	2021-02-17 14:00:00	0808344c-454b-4c36-89e8-d7687e692d57
fe2a2e11-bfa6-46b6-990b-fd8175946b7e	2021-02-18 04:00:00	baff9783-84e8-4e01-874b-6fd743b875ad
fe2a2e11-bfa6-46b6-990b-fd8175946b7e	2021-02-18 07:00:00	03b2d446-e3ba-4c82-8dc2-a5611fea6e1f
fe2a2e11-bfa6-46b6-990b-fd8175946b7e	2021-02-18 09:00:00	baff9783-84e8-4e01-874b-6fd743b875ad
fe2a2e11-bfa6-46b6-990b-fd8175946b7e	2021-02-18 15:00:00	03b2d446-e3ba-4c82-8dc2-a5611fea6e1f
fe2a2e11-bfa6-46b6-990b-fd8175946b7e	2021-02-18 17:00:00	baff9783-84e8-4e01-874b-6fd743b875ad
fe2a2e11-bfa6-46b6-990b-fd8175946b7e	2021-02-18 20:00:00	0808344c-454b-4c36-89e8-d7687e692d57
fe2a2e11-bfa6-46b6-990b-fd8175946b7e	2021-02-19 14:00:00	baff9783-84e8-4e01-874b-6fd743b875ad
fe2a2e11-bfa6-46b6-990b-fd8175946b7e	2021-02-19 16:00:00	03b2d446-e3ba-4c82-8dc2-a5611fea6e1f
fe2a2e11-bfa6-46b6-990b-fd8175946b7e	2021-02-19 20:00:00	0808344c-454b-4c36-89e8-d7687e692d57
fe2a2e11-bfa6-46b6-990b-fd8175946b7e	2021-02-20 11:00:00	03b2d446-e3ba-4c82-8dc2-a5611fea6e1f
fe2a2e11-bfa6-46b6-990b-fd8175946b7e	2021-02-20 15:00:00	0808344c-454b-4c36-89e8-d7687e692d57
fe2a2e11-bfa6-46b6-990b-fd8175946b7e	2021-02-20 20:00:00	baff9783-84e8-4e01-874b-6fd743b875ad
fe2a2e11-bfa6-46b6-990b-fd8175946b7e	2021-02-20 22:00:00	0808344c-454b-4c36-89e8-d7687e692d57
fe2a2e11-bfa6-46b6-990b-fd8175946b7e	2021-02-21 09:00:00	03b2d446-e3ba-4c82-8dc2-a5611fea6e1f
fe2a2e11-bfa6-46b6-990b-fd8175946b7e	2021-02-21 12:00:00	0808344c-454b-4c36-89e8-d7687e692d57
fe2a2e11-bfa6-46b6-990b-fd8175946b7e	2021-02-21 20:00:00	03b2d446-e3ba-4c82-8dc2-a5611fea6e1f
fe2a2e11-bfa6-46b6-990b-fd8175946b7e	2021-02-22 00:00:00	baff9783-84e8-4e01-874b-6fd743b875ad
fe2a2e11-bfa6-46b6-990b-fd8175946b7e	2021-02-22 06:00:00	03b2d446-e3ba-4c82-8dc2-a5611fea6e1f
fe2a2e11-bfa6-46b6-990b-fd8175946b7e	2021-02-22 10:00:00	0808344c-454b-4c36-89e8-d7687e692d57
fe2a2e11-bfa6-46b6-990b-fd8175946b7e	2021-02-22 22:00:00	baff9783-84e8-4e01-874b-6fd743b875ad
fe2a2e11-bfa6-46b6-990b-fd8175946b7e	2021-02-23 01:00:00	03b2d446-e3ba-4c82-8dc2-a5611fea6e1f
fe2a2e11-bfa6-46b6-990b-fd8175946b7e	2021-02-23 05:00:00	0808344c-454b-4c36-89e8-d7687e692d57
fe2a2e11-bfa6-46b6-990b-fd8175946b7e	2021-02-23 21:00:00	03b2d446-e3ba-4c82-8dc2-a5611fea6e1f
fe2a2e11-bfa6-46b6-990b-fd8175946b7e	2021-02-24 00:00:00	baff9783-84e8-4e01-874b-6fd743b875ad
fe2a2e11-bfa6-46b6-990b-fd8175946b7e	2021-02-24 05:00:00	0808344c-454b-4c36-89e8-d7687e692d57
fe2a2e11-bfa6-46b6-990b-fd8175946b7e	2021-02-24 09:00:00	03b2d446-e3ba-4c82-8dc2-a5611fea6e1f
fe2a2e11-bfa6-46b6-990b-fd8175946b7e	2021-02-24 10:00:00	0808344c-454b-4c36-89e8-d7687e692d57
fe2a2e11-bfa6-46b6-990b-fd8175946b7e	2021-02-24 22:00:00	baff9783-84e8-4e01-874b-6fd743b875ad
fe2a2e11-bfa6-46b6-990b-fd8175946b7e	2021-02-24 23:00:00	0808344c-454b-4c36-89e8-d7687e692d57
fe2a2e11-bfa6-46b6-990b-fd8175946b7e	2021-02-25 04:00:00	baff9783-84e8-4e01-874b-6fd743b875ad
fe2a2e11-bfa6-46b6-990b-fd8175946b7e	2021-02-25 08:00:00	0808344c-454b-4c36-89e8-d7687e692d57
fe2a2e11-bfa6-46b6-990b-fd8175946b7e	2021-02-25 14:00:00	03b2d446-e3ba-4c82-8dc2-a5611fea6e1f
fe2a2e11-bfa6-46b6-990b-fd8175946b7e	2021-02-25 16:00:00	baff9783-84e8-4e01-874b-6fd743b875ad
fe2a2e11-bfa6-46b6-990b-fd8175946b7e	2021-02-25 20:00:00	0808344c-454b-4c36-89e8-d7687e692d57
fe2a2e11-bfa6-46b6-990b-fd8175946b7e	2021-02-26 04:00:00	03b2d446-e3ba-4c82-8dc2-a5611fea6e1f
fe2a2e11-bfa6-46b6-990b-fd8175946b7e	2021-02-26 06:00:00	0808344c-454b-4c36-89e8-d7687e692d57
fe2a2e11-bfa6-46b6-990b-fd8175946b7e	2021-02-26 21:00:00	03b2d446-e3ba-4c82-8dc2-a5611fea6e1f
fe2a2e11-bfa6-46b6-990b-fd8175946b7e	2021-02-26 22:00:00	baff9783-84e8-4e01-874b-6fd743b875ad
fe2a2e11-bfa6-46b6-990b-fd8175946b7e	2021-02-27 01:00:00	0808344c-454b-4c36-89e8-d7687e692d57
fe2a2e11-bfa6-46b6-990b-fd8175946b7e	2021-02-27 09:00:00	03b2d446-e3ba-4c82-8dc2-a5611fea6e1f
fe2a2e11-bfa6-46b6-990b-fd8175946b7e	2021-02-27 10:00:00	0808344c-454b-4c36-89e8-d7687e692d57
fe2a2e11-bfa6-46b6-990b-fd8175946b7e	2021-02-27 16:00:00	baff9783-84e8-4e01-874b-6fd743b875ad
fe2a2e11-bfa6-46b6-990b-fd8175946b7e	2021-02-27 19:00:00	0808344c-454b-4c36-89e8-d7687e692d57
fe2a2e11-bfa6-46b6-990b-fd8175946b7e	2021-02-28 04:00:00	baff9783-84e8-4e01-874b-6fd743b875ad
fe2a2e11-bfa6-46b6-990b-fd8175946b7e	2021-02-28 08:00:00	0808344c-454b-4c36-89e8-d7687e692d57
fe2a2e11-bfa6-46b6-990b-fd8175946b7e	2021-02-28 23:00:00	03b2d446-e3ba-4c82-8dc2-a5611fea6e1f
fe2a2e11-bfa6-46b6-990b-fd8175946b7e	2021-03-01 01:00:00	0808344c-454b-4c36-89e8-d7687e692d57
\.


--
-- TOC entry 3196 (class 2606 OID 17018)
-- Name: equipment_model equipment_model_pkey; Type: CONSTRAINT; Schema: operation; Owner: postgres
--

ALTER TABLE ONLY operation.equipment_model
    ADD CONSTRAINT equipment_model_pkey PRIMARY KEY (id);


--
-- TOC entry 3194 (class 2606 OID 17020)
-- Name: equipment equipment_pkey; Type: CONSTRAINT; Schema: operation; Owner: postgres
--

ALTER TABLE ONLY operation.equipment
    ADD CONSTRAINT equipment_pkey PRIMARY KEY (id);


--
-- TOC entry 3198 (class 2606 OID 17022)
-- Name: equipment_state equipment_state_pkey; Type: CONSTRAINT; Schema: operation; Owner: postgres
--

ALTER TABLE ONLY operation.equipment_state
    ADD CONSTRAINT equipment_state_pkey PRIMARY KEY (id);


--
-- TOC entry 3202 (class 2606 OID 17023)
-- Name: equipment_position_history fk_equipment; Type: FK CONSTRAINT; Schema: operation; Owner: postgres
--

ALTER TABLE ONLY operation.equipment_position_history
    ADD CONSTRAINT fk_equipment FOREIGN KEY (equipment_id) REFERENCES operation.equipment(id);


--
-- TOC entry 3203 (class 2606 OID 17028)
-- Name: equipment_state_history fk_equipment; Type: FK CONSTRAINT; Schema: operation; Owner: postgres
--

ALTER TABLE ONLY operation.equipment_state_history
    ADD CONSTRAINT fk_equipment FOREIGN KEY (equipment_id) REFERENCES operation.equipment(id);


--
-- TOC entry 3200 (class 2606 OID 17033)
-- Name: equipment_model_state_hourly_earnings fk_equipment_model; Type: FK CONSTRAINT; Schema: operation; Owner: postgres
--

ALTER TABLE ONLY operation.equipment_model_state_hourly_earnings
    ADD CONSTRAINT fk_equipment_model FOREIGN KEY (equipment_model_id) REFERENCES operation.equipment_model(id);


--
-- TOC entry 3199 (class 2606 OID 17038)
-- Name: equipment fk_equipment_model; Type: FK CONSTRAINT; Schema: operation; Owner: postgres
--

ALTER TABLE ONLY operation.equipment
    ADD CONSTRAINT fk_equipment_model FOREIGN KEY (equipment_model_id) REFERENCES operation.equipment_model(id);


--
-- TOC entry 3201 (class 2606 OID 17043)
-- Name: equipment_model_state_hourly_earnings fk_equipment_state; Type: FK CONSTRAINT; Schema: operation; Owner: postgres
--

ALTER TABLE ONLY operation.equipment_model_state_hourly_earnings
    ADD CONSTRAINT fk_equipment_state FOREIGN KEY (equipment_state_id) REFERENCES operation.equipment_state(id);


--
-- TOC entry 3204 (class 2606 OID 17048)
-- Name: equipment_state_history fk_equipment_state; Type: FK CONSTRAINT; Schema: operation; Owner: postgres
--

ALTER TABLE ONLY operation.equipment_state_history
    ADD CONSTRAINT fk_equipment_state FOREIGN KEY (equipment_state_id) REFERENCES operation.equipment_state(id);


-- Completed on 2023-03-29 13:46:34

--
-- PostgreSQL database dump complete
--

